2026-07-19 00:28:17.803 | INFO     | main.lifespan:25 | Starting application
2026-07-19 00:28:17.822 | INFO     | database.init_database:29 | Database initialized successfully
2026-07-19 00:28:17.822 | INFO     | main.lifespan:28 | Application startup completed
2026-07-19 00:28:23.101 | INFO     | websocket_manager.websocket_endpoint:49 | WebSocket client connected
2026-07-19 00:28:26.374 | INFO     | event_processor.process_event:43 | Processed event app_opened for session 11e311a8-12f2-4314-bf31-48066204b915
2026-07-19 00:28:28.969 | INFO     | event_processor.process_event:43 | Processed event app_opened for session 11e311a8-12f2-4314-bf31-48066204b915
2026-07-19 00:28:29.223 | INFO     | event_processor.process_event:43 | Processed event app_opened for session 11e311a8-12f2-4314-bf31-48066204b915
2026-07-19 00:28:29.317 | INFO     | event_processor.process_event:43 | Processed event app_opened for session 11e311a8-12f2-4314-bf31-48066204b915
2026-07-19 00:28:31.901 | INFO     | event_processor.process_event:43 | Processed event app_opened for session 11e311a8-12f2-4314-bf31-48066204b915
2026-07-19 00:29:00.001 | INFO     | websocket_manager.websocket_endpoint:49 | WebSocket client connected
2026-07-19 00:29:25.134 | INFO     | event_processor.process_event:43 | Processed event app_opened for session 11e311a8-12f2-4314-bf31-48066204b915
2026-07-19 00:29:33.927 | INFO     | event_processor.process_event:43 | Processed event app_opened for session 11e311a8-12f2-4314-bf31-48066204b915
2026-07-19 00:29:41.670 | INFO     | event_processor.process_event:43 | Processed event app_opened for session 11e311a8-12f2-4314-bf31-48066204b915
2026-07-19 00:29:59.334 | INFO     | event_processor.process_event:43 | Processed event link_clicked for session 11e311a8-12f2-4314-bf31-48066204b915
2026-07-19 00:29:59.335 | INFO     | connection_manager.send_analyze_url:48 | Sent ANALYZE_URL to extension for session 11e311a8-12f2-4314-bf31-48066204b915: https://mail.gov.in
2026-07-19 00:30:00.742 | INFO     | event_processor.process_event:43 | Processed event link_clicked for session 11e311a8-12f2-4314-bf31-48066204b915
2026-07-19 00:30:00.743 | INFO     | connection_manager.send_analyze_url:48 | Sent ANALYZE_URL to extension for session 11e311a8-12f2-4314-bf31-48066204b915: accounts.mgovcloud.in/signin?servicename=VirtualOffice&serviceurl=https%3A%2F%2Fmail.mgovcloud.in%2F
2026-07-19 00:30:01.404 | INFO     | websocket_manager._persist_page_analysis:43 | Stored PAGE_ANALYSIS for session 11e311a8-12f2-4314-bf31-48066204b915 (url=https://mail.gov.in)
2026-07-19 00:30:01.416 | INFO     | websocket_manager._persist_page_analysis:43 | Stored PAGE_ANALYSIS for session 11e311a8-12f2-4314-bf31-48066204b915 (url=accounts.mgovcloud.in/signin?servicename=VirtualOffice&serviceurl=https%3A%2F%2Fmail.mgovcloud.in%2F)
2026-07-19 00:30:05.266 | INFO     | event_processor.process_event:43 | Processed event app_opened for session 11e311a8-12f2-4314-bf31-48066204b915
2026-07-19 00:30:08.523 | INFO     | risk.get_risk_score:95 | Risk assessment session_id=11e311a8-12f2-4314-bf31-48066204b915 selected_url=https://accounts.mgovcloud.in/signin?servicename=VirtualOffice&serviceurl=https%3A%2F%2Fmail.mgovcloud.in%2F final_score=46 confidence=80 level=MEDIUM
2026-07-19 00:30:18.675 | INFO     | event_processor.process_event:43 | Processed event app_opened for session 11e311a8-12f2-4314-bf31-48066204b915
2026-07-19 00:30:20.728 | INFO     | event_processor.process_event:43 | Processed event link_clicked for session 11e311a8-12f2-4314-bf31-48066204b915
2026-07-19 00:30:20.729 | INFO     | connection_manager.send_analyze_url:48 | Sent ANALYZE_URL to extension for session 11e311a8-12f2-4314-bf31-48066204b915: google.com/search?q=gov+login&oq=gov+login&gs_lcrp=EgZjaHJvbWUyBggAEEUYOTINCAEQABiRAhiABBiKBTINCAIQABiRAhiABBiKBTIMCAMQABhDGIAEGIoFMg0IBBAAGJECGIAEGIoFMg0IBRAAGJECGIAEGIoF
2026-07-19 00:30:24.881 | INFO     | event_processor.process_event:43 | Processed event link_clicked for session 11e311a8-12f2-4314-bf31-48066204b915
2026-07-19 00:30:24.881 | INFO     | connection_manager.send_analyze_url:48 | Sent ANALYZE_URL to extension for session 11e311a8-12f2-4314-bf31-48066204b915: https://mail.gov.in
2026-07-19 00:30:25.023 | INFO     | websocket_manager._persist_page_analysis:43 | Stored PAGE_ANALYSIS for session 11e311a8-12f2-4314-bf31-48066204b915 (url=google.com/search?q=gov+login&oq=gov+login&gs_lcrp=EgZjaHJvbWUyBggAEEUYOTINCAEQABiRAhiABBiKBTINCAIQABiRAhiABBiKBTIMCAMQABhDGIAEGIoFMg0IBBAAGJECGIAEGIoFMg0IBRAAGJECGIAEGIoF)
2026-07-19 00:30:25.290 | INFO     | event_processor.process_event:43 | Processed event link_clicked for session 11e311a8-12f2-4314-bf31-48066204b915
2026-07-19 00:30:25.291 | INFO     | connection_manager.send_analyze_url:48 | Sent ANALYZE_URL to extension for session 11e311a8-12f2-4314-bf31-48066204b915: https://email.gov.in
2026-07-19 00:30:25.317 | INFO     | event_processor.process_event:43 | Processed event link_clicked for session 11e311a8-12f2-4314-bf31-48066204b915
2026-07-19 00:30:25.321 | INFO     | connection_manager.send_analyze_url:48 | Sent ANALYZE_URL to extension for session 11e311a8-12f2-4314-bf31-48066204b915: https://auth.mygov.in
2026-07-19 00:30:25.377 | INFO     | event_processor.process_event:43 | Processed event link_clicked for session 11e311a8-12f2-4314-bf31-48066204b915
2026-07-19 00:30:25.378 | INFO     | connection_manager.send_analyze_url:48 | Sent ANALYZE_URL to extension for session 11e311a8-12f2-4314-bf31-48066204b915: https://accounts.mgovcloud.in
2026-07-19 00:30:25.392 | INFO     | event_processor.process_event:43 | Processed event link_clicked for session 11e311a8-12f2-4314-bf31-48066204b915
2026-07-19 00:30:25.393 | INFO     | connection_manager.send_analyze_url:48 | Sent ANALYZE_URL to extension for session 11e311a8-12f2-4314-bf31-48066204b915: https://pgportal.gov.in
2026-07-19 00:30:25.570 | INFO     | event_processor.process_event:43 | Processed event link_clicked for session 11e311a8-12f2-4314-bf31-48066204b915
2026-07-19 00:30:25.571 | INFO     | connection_manager.send_analyze_url:48 | Sent ANALYZE_URL to extension for session 11e311a8-12f2-4314-bf31-48066204b915: https://ssc.gov.in
2026-07-19 00:30:25.580 | INFO     | event_processor.process_event:43 | Processed event link_clicked for session 11e311a8-12f2-4314-bf31-48066204b915
2026-07-19 00:30:25.581 | INFO     | connection_manager.send_analyze_url:48 | Sent ANALYZE_URL to extension for session 11e311a8-12f2-4314-bf31-48066204b915: https://eportal.incometax.gov.in
2026-07-19 00:30:25.599 | INFO     | event_processor.process_event:43 | Processed event link_clicked for session 11e311a8-12f2-4314-bf31-48066204b915
2026-07-19 00:30:25.600 | INFO     | connection_manager.send_analyze_url:48 | Sent ANALYZE_URL to extension for session 11e311a8-12f2-4314-bf31-48066204b915: https://awards.gov.in
2026-07-19 00:30:25.615 | INFO     | event_processor.process_event:43 | Processed event link_clicked for session 11e311a8-12f2-4314-bf31-48066204b915
2026-07-19 00:30:25.617 | INFO     | connection_manager.send_analyze_url:48 | Sent ANALYZE_URL to extension for session 11e311a8-12f2-4314-bf31-48066204b915: https://www.login.gov
2026-07-19 00:30:25.811 | INFO     | event_processor.process_event:43 | Processed event link_clicked for session 11e311a8-12f2-4314-bf31-48066204b915
2026-07-19 00:30:25.812 | INFO     | connection_manager.send_analyze_url:48 | Sent ANALYZE_URL to extension for session 11e311a8-12f2-4314-bf31-48066204b915: google.com/search?q=gov+login&oq=gov+login&gs_lcrp=EgZjaHJvbWUyBggAEEUYOTINCAEQABiRAhiABBiKBTINCAIQABiRAhiABBiKBTIMCAMQABhDGIAEGIoFMg0IBBAAGJECGIAEGIoFMg0IBRAAGJECGIAEGIoF
2026-07-19 00:30:26.744 | INFO     | event_processor.process_event:43 | Processed event app_opened for session 11e311a8-12f2-4314-bf31-48066204b915
2026-07-19 00:30:27.684 | INFO     | event_processor.process_event:43 | Processed event link_clicked for session 11e311a8-12f2-4314-bf31-48066204b915
2026-07-19 00:30:27.684 | INFO     | connection_manager.send_analyze_url:48 | Sent ANALYZE_URL to extension for session 11e311a8-12f2-4314-bf31-48066204b915: google.com/search?q=nic+mail+gov+login&client=ms-android-samsung-ss&hs=nEcV&sca_esv=0764ec3eacfc6f66&sxsrf=APpeQnuhtkt6n9YOZLlDKeKHOq3nQCXfOQ%3A1784401217896&ei=Qc1batuzNr
2026-07-19 00:30:27.885 | INFO     | websocket_manager._persist_page_analysis:43 | Stored PAGE_ANALYSIS for session 11e311a8-12f2-4314-bf31-48066204b915 (url=https://mail.gov.in)
2026-07-19 00:30:30.897 | INFO     | websocket_manager._persist_page_analysis:43 | Stored PAGE_ANALYSIS for session 11e311a8-12f2-4314-bf31-48066204b915 (url=https://auth.mygov.in)
2026-07-19 00:30:31.517 | INFO     | websocket_manager._persist_page_analysis:43 | Stored PAGE_ANALYSIS for session 11e311a8-12f2-4314-bf31-48066204b915 (url=https://accounts.mgovcloud.in)
2026-07-19 00:30:33.827 | INFO     | websocket_manager._persist_page_analysis:43 | Stored PAGE_ANALYSIS for session 11e311a8-12f2-4314-bf31-48066204b915 (url=https://pgportal.gov.in)
2026-07-19 00:30:36.364 | INFO     | websocket_manager._persist_page_analysis:43 | Stored PAGE_ANALYSIS for session 11e311a8-12f2-4314-bf31-48066204b915 (url=https://ssc.gov.in)
2026-07-19 00:30:37.299 | INFO     | websocket_manager._persist_page_analysis:43 | Stored PAGE_ANALYSIS for session 11e311a8-12f2-4314-bf31-48066204b915 (url=https://eportal.incometax.gov.in)
2026-07-19 00:30:37.420 | INFO     | event_processor.process_event:43 | Processed event link_clicked for session 11e311a8-12f2-4314-bf31-48066204b915
2026-07-19 00:30:37.422 | INFO     | connection_manager.send_analyze_url:48 | Sent ANALYZE_URL to extension for session 11e311a8-12f2-4314-bf31-48066204b915: google.com/search?q=reddit&client=ms-android-samsung-ss&hs=nEcV&sca_esv=0764ec3eacfc6f66&biw=384&bih=728&sxsrf=APpeQnuczUGPaX4qXA-_jF07CvHrH1_Pnw%3A1784401225210&ei=Sc1bat
2026-07-19 00:30:42.279 | INFO     | websocket_manager._persist_page_analysis:43 | Stored PAGE_ANALYSIS for session 11e311a8-12f2-4314-bf31-48066204b915 (url=https://awards.gov.in)
2026-07-19 00:30:42.415 | INFO     | event_processor.process_event:43 | Processed event link_clicked for session 11e311a8-12f2-4314-bf31-48066204b915
2026-07-19 00:30:42.416 | INFO     | connection_manager.send_analyze_url:48 | Sent ANALYZE_URL to extension for session 11e311a8-12f2-4314-bf31-48066204b915: https://www.reddit.com
2026-07-19 00:30:42.544 | INFO     | event_processor.process_event:43 | Processed event link_clicked for session 11e311a8-12f2-4314-bf31-48066204b915
2026-07-19 00:30:42.544 | INFO     | connection_manager.send_analyze_url:48 | Sent ANALYZE_URL to extension for session 11e311a8-12f2-4314-bf31-48066204b915: google.com/search?q=reddit&client=ms-android-samsung-ss&hs=nEcV&sca_esv=0764ec3eacfc6f66&biw=384&bih=728&sxsrf=APpeQnuczUGPaX4qXA-_jF07CvHrH1_Pnw%3A1784401225210&ei=Sc1bat
2026-07-19 00:30:52.249 | INFO     | event_processor.process_event:43 | Processed event link_clicked for session 11e311a8-12f2-4314-bf31-48066204b915
2026-07-19 00:30:52.249 | INFO     | connection_manager.send_analyze_url:48 | Sent ANALYZE_URL to extension for session 11e311a8-12f2-4314-bf31-48066204b915: https://i.redd.it/yami-gautam-and-kartik-aryan-win-national-awards-for-v0-1mowegegizdh1.jpeg?s=2502234f7f64449ce2b6249d9b26b2f9ef822468
2026-07-19 00:30:52.711 | INFO     | event_processor.process_event:43 | Processed event link_clicked for session 11e311a8-12f2-4314-bf31-48066204b915
2026-07-19 00:30:52.712 | INFO     | connection_manager.send_analyze_url:48 | Sent ANALYZE_URL to extension for session 11e311a8-12f2-4314-bf31-48066204b915: https://www.theguardian.com/technology/2018/feb/16/apple-bug-crashes-apps-that-display-telegu-character
2026-07-19 00:30:53.231 | INFO     | event_processor.process_event:43 | Processed event app_opened for session 11e311a8-12f2-4314-bf31-48066204b915
2026-07-19 00:30:55.391 | INFO     | event_processor.process_event:43 | Processed event app_opened for session 11e311a8-12f2-4314-bf31-48066204b915
2026-07-19 00:30:56.041 | INFO     | event_processor.process_event:43 | Processed event link_clicked for session 11e311a8-12f2-4314-bf31-48066204b915
2026-07-19 00:30:56.042 | INFO     | connection_manager.send_analyze_url:48 | Sent ANALYZE_URL to extension for session 11e311a8-12f2-4314-bf31-48066204b915: https://i.redd.it/yami-gautam-and-kartik-aryan-win-national-awards-for-v0-1mowegegizdh1.jpeg?s=2502234f7f64449ce2b6249d9b26b2f9ef822468
2026-07-19 00:30:56.126 | INFO     | event_processor.process_event:43 | Processed event link_clicked for session 11e311a8-12f2-4314-bf31-48066204b915
2026-07-19 00:30:56.126 | INFO     | connection_manager.send_analyze_url:48 | Sent ANALYZE_URL to extension for session 11e311a8-12f2-4314-bf31-48066204b915: https://www.theguardian.com/technology/2018/feb/16/apple-bug-crashes-apps-that-display-telegu-character
2026-07-19 00:30:56.898 | INFO     | event_processor.process_event:43 | Processed event link_clicked for session 11e311a8-12f2-4314-bf31-48066204b915
2026-07-19 00:30:56.899 | INFO     | connection_manager.send_analyze_url:48 | Sent ANALYZE_URL to extension for session 11e311a8-12f2-4314-bf31-48066204b915: https://www.dnaindia.com/india/report-cockroach-janta-party-demands-pm-narendra-modi-s-resignation-announces-parliament-march-on-july-20-3216412
2026-07-19 00:30:57.150 | WARNING  | websocket_manager.websocket_endpoint:86 | Extension reported analysis error for session 11e311a8-12f2-4314-bf31-48066204b915: Tab 1655035711 load timed out after 30000ms
2026-07-19 00:30:57.622 | INFO     | event_processor.process_event:43 | Processed event app_opened for session 11e311a8-12f2-4314-bf31-48066204b915
2026-07-19 00:30:59.158 | INFO     | risk.get_risk_score:95 | Risk assessment session_id=11e311a8-12f2-4314-bf31-48066204b915 selected_url=https://awards.gov.in/ final_score=10 confidence=80 level=LOW
2026-07-19 00:31:02.670 | INFO     | websocket_manager._persist_page_analysis:43 | Stored PAGE_ANALYSIS for session 11e311a8-12f2-4314-bf31-48066204b915 (url=google.com/search?q=nic+mail+gov+login&client=ms-android-samsung-ss&hs=nEcV&sca_esv=0764ec3eacfc6f66&sxsrf=APpeQnuhtkt6n9YOZLlDKeKHOq3nQCXfOQ%3A1784401217896&ei=Qc1batuzNr)
2026-07-19 00:31:03.824 | INFO     | event_processor.process_event:43 | Processed event app_opened for session 11e311a8-12f2-4314-bf31-48066204b915
2026-07-19 00:31:04.521 | INFO     | event_processor.process_event:43 | Processed event link_clicked for session 11e311a8-12f2-4314-bf31-48066204b915
2026-07-19 00:31:04.523 | INFO     | connection_manager.send_analyze_url:48 | Sent ANALYZE_URL to extension for session 11e311a8-12f2-4314-bf31-48066204b915: https://i.redd.it/yami-gautam-and-kartik-aryan-win-national-awards-for-v0-1mowegegizdh1.jpeg?s=2502234f7f64449ce2b6249d9b26b2f9ef822468
2026-07-19 00:31:04.528 | INFO     | event_processor.process_event:43 | Processed event link_clicked for session 11e311a8-12f2-4314-bf31-48066204b915
2026-07-19 00:31:04.528 | INFO     | connection_manager.send_analyze_url:48 | Sent ANALYZE_URL to extension for session 11e311a8-12f2-4314-bf31-48066204b915: https://www.theguardian.com/technology/2018/feb/16/apple-bug-crashes-apps-that-display-telegu-character
2026-07-19 00:31:04.704 | INFO     | websocket_manager._persist_page_analysis:43 | Stored PAGE_ANALYSIS for session 11e311a8-12f2-4314-bf31-48066204b915 (url=google.com/search?q=reddit&client=ms-android-samsung-ss&hs=nEcV&sca_esv=0764ec3eacfc6f66&biw=384&bih=728&sxsrf=APpeQnuczUGPaX4qXA-_jF07CvHrH1_Pnw%3A1784401225210&ei=Sc1bat)
2026-07-19 00:31:04.838 | INFO     | event_processor.process_event:43 | Processed event link_clicked for session 11e311a8-12f2-4314-bf31-48066204b915
2026-07-19 00:31:04.839 | INFO     | connection_manager.send_analyze_url:48 | Sent ANALYZE_URL to extension for session 11e311a8-12f2-4314-bf31-48066204b915: https://www.dnaindia.com/india/report-cockroach-janta-party-demands-pm-narendra-modi-s-resignation-announces-parliament-march-on-july-20-3216412
2026-07-19 00:31:05.482 | INFO     | websocket_manager._persist_page_analysis:43 | Stored PAGE_ANALYSIS for session 11e311a8-12f2-4314-bf31-48066204b915 (url=https://www.reddit.com)
2026-07-19 00:31:06.764 | INFO     | event_processor.process_event:43 | Processed event link_clicked for session 11e311a8-12f2-4314-bf31-48066204b915
2026-07-19 00:31:06.765 | INFO     | connection_manager.send_analyze_url:48 | Sent ANALYZE_URL to extension for session 11e311a8-12f2-4314-bf31-48066204b915: google.com/search?q=reddit&client=ms-android-samsung-ss&hs=nEcV&sca_esv=0764ec3eacfc6f66&biw=384&bih=728&sxsrf=APpeQnuczUGPaX4qXA-_jF07CvHrH1_Pnw%3A1784401225210&ei=Sc1bat
2026-07-19 00:31:08.482 | INFO     | websocket_manager._persist_page_analysis:43 | Stored PAGE_ANALYSIS for session 11e311a8-12f2-4314-bf31-48066204b915 (url=https://i.redd.it/yami-gautam-and-kartik-aryan-win-national-awards-for-v0-1mowegegizdh1.jpeg?s=2502234f7f64449ce2b6249d9b26b2f9ef822468)
2026-07-19 00:31:08.794 | INFO     | event_processor.process_event:43 | Processed event link_clicked for session 11e311a8-12f2-4314-bf31-48066204b915
2026-07-19 00:31:08.795 | INFO     | connection_manager.send_analyze_url:48 | Sent ANALYZE_URL to extension for session 11e311a8-12f2-4314-bf31-48066204b915: google.com/search?q=nic+mail+gov+login&client=ms-android-samsung-ss&hs=nEcV&sca_esv=0764ec3eacfc6f66&sxsrf=APpeQnuhtkt6n9YOZLlDKeKHOq3nQCXfOQ%3A1784401217896&ei=Qc1batuzNr
2026-07-19 00:31:09.663 | INFO     | event_processor.process_event:43 | Processed event link_clicked for session 11e311a8-12f2-4314-bf31-48066204b915
2026-07-19 00:31:09.664 | INFO     | connection_manager.send_analyze_url:48 | Sent ANALYZE_URL to extension for session 11e311a8-12f2-4314-bf31-48066204b915: https://mail.gov.in
2026-07-19 00:31:10.502 | INFO     | event_processor.process_event:43 | Processed event link_clicked for session 11e311a8-12f2-4314-bf31-48066204b915
2026-07-19 00:31:10.504 | INFO     | connection_manager.send_analyze_url:48 | Sent ANALYZE_URL to extension for session 11e311a8-12f2-4314-bf31-48066204b915: accounts.mgovcloud.in/signin?servicename=VirtualOffice&serviceurl=https%3A%2F%2Fmail.mgovcloud.in%2F
2026-07-19 00:31:10.844 | INFO     | websocket_manager._persist_page_analysis:43 | Stored PAGE_ANALYSIS for session 11e311a8-12f2-4314-bf31-48066204b915 (url=https://www.theguardian.com/technology/2018/feb/16/apple-bug-crashes-apps-that-display-telegu-character)
2026-07-19 00:31:12.710 | WARNING  | websocket_manager.websocket_endpoint:86 | Extension reported analysis error for session 11e311a8-12f2-4314-bf31-48066204b915: Tab 1655035725 load timed out after 30000ms
2026-07-19 00:31:14.770 | INFO     | websocket_manager._persist_page_analysis:43 | Stored PAGE_ANALYSIS for session 11e311a8-12f2-4314-bf31-48066204b915 (url=google.com/search?q=reddit&client=ms-android-samsung-ss&hs=nEcV&sca_esv=0764ec3eacfc6f66&biw=384&bih=728&sxsrf=APpeQnuczUGPaX4qXA-_jF07CvHrH1_Pnw%3A1784401225210&ei=Sc1bat)
2026-07-19 00:31:16.198 | INFO     | websocket_manager._persist_page_analysis:43 | Stored PAGE_ANALYSIS for session 11e311a8-12f2-4314-bf31-48066204b915 (url=https://www.dnaindia.com/india/report-cockroach-janta-party-demands-pm-narendra-modi-s-resignation-announces-parliament-march-on-july-20-3216412)
2026-07-19 00:31:17.924 | INFO     | websocket_manager._persist_page_analysis:43 | Stored PAGE_ANALYSIS for session 11e311a8-12f2-4314-bf31-48066204b915 (url=https://mail.gov.in)
2026-07-19 00:31:18.674 | INFO     | websocket_manager._persist_page_analysis:43 | Stored PAGE_ANALYSIS for session 11e311a8-12f2-4314-bf31-48066204b915 (url=google.com/search?q=nic+mail+gov+login&client=ms-android-samsung-ss&hs=nEcV&sca_esv=0764ec3eacfc6f66&sxsrf=APpeQnuhtkt6n9YOZLlDKeKHOq3nQCXfOQ%3A1784401217896&ei=Qc1batuzNr)
2026-07-19 00:31:19.205 | INFO     | websocket_manager._persist_page_analysis:43 | Stored PAGE_ANALYSIS for session 11e311a8-12f2-4314-bf31-48066204b915 (url=accounts.mgovcloud.in/signin?servicename=VirtualOffice&serviceurl=https%3A%2F%2Fmail.mgovcloud.in%2F)
2026-07-19 00:31:27.697 | INFO     | event_processor.process_event:43 | Processed event app_opened for session 11e311a8-12f2-4314-bf31-48066204b915
2026-07-19 00:31:29.524 | INFO     | risk.get_risk_score:95 | Risk assessment session_id=11e311a8-12f2-4314-bf31-48066204b915 selected_url=https://accounts.mgovcloud.in/signin?servicename=VirtualOffice&serviceurl=https%3A%2F%2Fmail.mgovcloud.in%2F final_score=52 confidence=80 level=MEDIUM
2026-07-19 00:31:38.177 | INFO     | event_processor.process_event:43 | Processed event app_opened for session 11e311a8-12f2-4314-bf31-48066204b915
2026-07-19 00:31:39.618 | INFO     | event_processor.process_event:43 | Processed event link_clicked for session 11e311a8-12f2-4314-bf31-48066204b915
2026-07-19 00:31:39.618 | INFO     | connection_manager.send_analyze_url:48 | Sent ANALYZE_URL to extension for session 11e311a8-12f2-4314-bf31-48066204b915: www.reddit.com
2026-07-19 00:31:39.728 | INFO     | event_processor.process_event:43 | Processed event link_clicked for session 11e311a8-12f2-4314-bf31-48066204b915
2026-07-19 00:31:39.728 | INFO     | connection_manager.send_analyze_url:48 | Sent ANALYZE_URL to extension for session 11e311a8-12f2-4314-bf31-48066204b915: www.google.com
2026-07-19 00:31:39.736 | INFO     | event_processor.process_event:43 | Processed event link_clicked for session 11e311a8-12f2-4314-bf31-48066204b915
2026-07-19 00:31:39.737 | INFO     | connection_manager.send_analyze_url:48 | Sent ANALYZE_URL to extension for session 11e311a8-12f2-4314-bf31-48066204b915: www.smriti.live
2026-07-19 00:31:39.860 | INFO     | event_processor.process_event:43 | Processed event app_opened for session 11e311a8-12f2-4314-bf31-48066204b915
2026-07-19 00:31:41.047 | INFO     | event_processor.process_event:43 | Processed event link_clicked for session 11e311a8-12f2-4314-bf31-48066204b915
2026-07-19 00:31:41.048 | INFO     | connection_manager.send_analyze_url:48 | Sent ANALYZE_URL to extension for session 11e311a8-12f2-4314-bf31-48066204b915: accounts.mgovcloud.in/signin?servicename=VirtualOffice&serviceurl=https%3A%2F%2Fmail.mgovcloud.in%2F
2026-07-19 00:31:41.130 | INFO     | event_processor.process_event:43 | Processed event link_clicked for session 11e311a8-12f2-4314-bf31-48066204b915
2026-07-19 00:31:41.132 | INFO     | connection_manager.send_analyze_url:48 | Sent ANALYZE_URL to extension for session 11e311a8-12f2-4314-bf31-48066204b915: www.google.com
2026-07-19 00:31:41.138 | INFO     | event_processor.process_event:43 | Processed event link_clicked for session 11e311a8-12f2-4314-bf31-48066204b915
2026-07-19 00:31:41.139 | INFO     | connection_manager.send_analyze_url:48 | Sent ANALYZE_URL to extension for session 11e311a8-12f2-4314-bf31-48066204b915: www.reddit.com
2026-07-19 00:31:41.154 | INFO     | event_processor.process_event:43 | Processed event link_clicked for session 11e311a8-12f2-4314-bf31-48066204b915
2026-07-19 00:31:41.155 | INFO     | connection_manager.send_analyze_url:48 | Sent ANALYZE_URL to extension for session 11e311a8-12f2-4314-bf31-48066204b915: www.smriti.live
2026-07-19 00:31:41.384 | INFO     | websocket_manager._persist_page_analysis:43 | Stored PAGE_ANALYSIS for session 11e311a8-12f2-4314-bf31-48066204b915 (url=www.google.com)
2026-07-19 00:31:42.810 | INFO     | websocket_manager._persist_page_analysis:43 | Stored PAGE_ANALYSIS for session 11e311a8-12f2-4314-bf31-48066204b915 (url=www.reddit.com)
2026-07-19 00:31:43.197 | INFO     | websocket_manager._persist_page_analysis:43 | Stored PAGE_ANALYSIS for session 11e311a8-12f2-4314-bf31-48066204b915 (url=www.smriti.live)
2026-07-19 00:31:43.730 | INFO     | event_processor.process_event:43 | Processed event link_clicked for session 11e311a8-12f2-4314-bf31-48066204b915
2026-07-19 00:31:43.732 | INFO     | connection_manager.send_analyze_url:48 | Sent ANALYZE_URL to extension for session 11e311a8-12f2-4314-bf31-48066204b915: www.reddit.com
2026-07-19 00:31:43.744 | INFO     | event_processor.process_event:43 | Processed event link_clicked for session 11e311a8-12f2-4314-bf31-48066204b915
2026-07-19 00:31:43.744 | INFO     | connection_manager.send_analyze_url:48 | Sent ANALYZE_URL to extension for session 11e311a8-12f2-4314-bf31-48066204b915: www.smriti.live
2026-07-19 00:31:43.762 | INFO     | event_processor.process_event:43 | Processed event link_clicked for session 11e311a8-12f2-4314-bf31-48066204b915
2026-07-19 00:31:43.765 | INFO     | connection_manager.send_analyze_url:48 | Sent ANALYZE_URL to extension for session 11e311a8-12f2-4314-bf31-48066204b915: www.google.com
2026-07-19 00:31:43.779 | INFO     | event_processor.process_event:43 | Processed event link_clicked for session 11e311a8-12f2-4314-bf31-48066204b915
2026-07-19 00:31:43.781 | INFO     | connection_manager.send_analyze_url:48 | Sent ANALYZE_URL to extension for session 11e311a8-12f2-4314-bf31-48066204b915: accounts.mgovcloud.in/signin?servicename=VirtualOffice&serviceurl=https%3A%2F%2Fmail.mgovcloud.in%2F
2026-07-19 00:31:44.349 | INFO     | websocket_manager._persist_page_analysis:43 | Stored PAGE_ANALYSIS for session 11e311a8-12f2-4314-bf31-48066204b915 (url=accounts.mgovcloud.in/signin?servicename=VirtualOffice&serviceurl=https%3A%2F%2Fmail.mgovcloud.in%2F)
2026-07-19 00:31:46.042 | INFO     | websocket_manager._persist_page_analysis:43 | Stored PAGE_ANALYSIS for session 11e311a8-12f2-4314-bf31-48066204b915 (url=www.google.com)
2026-07-19 00:31:46.454 | INFO     | websocket_manager._persist_page_analysis:43 | Stored PAGE_ANALYSIS for session 11e311a8-12f2-4314-bf31-48066204b915 (url=www.reddit.com)
2026-07-19 00:31:51.913 | INFO     | event_processor.process_event:43 | Processed event app_opened for session 11e311a8-12f2-4314-bf31-48066204b915
2026-07-19 00:31:54.474 | INFO     | event_processor.process_event:43 | Processed event app_opened for session 11e311a8-12f2-4314-bf31-48066204b915
2026-07-19 00:31:57.823 | INFO     | event_processor.process_event:43 | Processed event app_opened for session 11e311a8-12f2-4314-bf31-48066204b915
2026-07-19 00:32:03.871 | INFO     | event_processor.process_event:43 | Processed event app_opened for session 11e311a8-12f2-4314-bf31-48066204b915
2026-07-19 00:32:05.995 | INFO     | event_processor.process_event:43 | Processed event app_opened for session 11e311a8-12f2-4314-bf31-48066204b915
2026-07-19 00:37:58.706 | INFO     | websocket_manager.websocket_endpoint:111 | WebSocket client disconnected
2026-07-19 00:37:58.707 | INFO     | websocket_manager.websocket_endpoint:111 | WebSocket client disconnected
2026-07-19 00:37:58.815 | INFO     | main.lifespan:35 | Shutting down application
2026-07-19 01:58:32.414 | INFO     | main.lifespan:25 | Starting application
2026-07-19 01:58:32.444 | INFO     | database.init_database:29 | Database initialized successfully
2026-07-19 01:58:32.446 | INFO     | main.lifespan:28 | Application startup completed
2026-07-19 01:58:41.895 | INFO     | websocket_manager.websocket_endpoint:49 | WebSocket client connected
2026-07-19 01:59:28.492 | INFO     | websocket_manager.websocket_endpoint:49 | WebSocket client connected
2026-07-19 02:07:02.715 | INFO     | websocket_manager.websocket_endpoint:111 | WebSocket client disconnected
2026-07-19 02:07:02.737 | INFO     | websocket_manager.websocket_endpoint:111 | WebSocket client disconnected
2026-07-19 02:07:50.526 | INFO     | websocket_manager.websocket_endpoint:49 | WebSocket client connected
2026-07-19 02:08:01.727 | INFO     | websocket_manager.websocket_endpoint:49 | WebSocket client connected
2026-07-19 02:08:26.743 | INFO     | event_processor.process_event:43 | Processed event app_opened for session c7e91871-52fc-4235-9751-2ee0f44c2d74
2026-07-19 02:08:27.311 | INFO     | event_processor.process_event:43 | Processed event app_opened for session c7e91871-52fc-4235-9751-2ee0f44c2d74
2026-07-19 02:08:29.488 | INFO     | event_processor.process_event:43 | Processed event app_opened for session c7e91871-52fc-4235-9751-2ee0f44c2d74
2026-07-19 02:08:29.506 | INFO     | event_processor.process_event:43 | Processed event app_opened for session c7e91871-52fc-4235-9751-2ee0f44c2d74
2026-07-19 02:08:35.307 | INFO     | event_processor.process_event:43 | Processed event app_opened for session c7e91871-52fc-4235-9751-2ee0f44c2d74
2026-07-19 02:09:08.788 | INFO     | event_processor.process_event:43 | Processed event app_opened for session c7e91871-52fc-4235-9751-2ee0f44c2d74
2026-07-19 02:09:11.269 | INFO     | event_processor.process_event:43 | Processed event app_opened for session c7e91871-52fc-4235-9751-2ee0f44c2d74
2026-07-19 02:09:17.400 | INFO     | event_processor.process_event:43 | Processed event app_opened for session c7e91871-52fc-4235-9751-2ee0f44c2d74
2026-07-19 02:09:18.820 | INFO     | event_processor.process_event:43 | Processed event app_opened for session c7e91871-52fc-4235-9751-2ee0f44c2d74
2026-07-19 02:09:20.261 | INFO     | event_processor.process_event:43 | Processed event app_opened for session c7e91871-52fc-4235-9751-2ee0f44c2d74
2026-07-19 02:09:21.580 | INFO     | event_processor.process_event:43 | Processed event app_opened for session c7e91871-52fc-4235-9751-2ee0f44c2d74
2026-07-19 02:09:23.328 | INFO     | event_processor.process_event:43 | Processed event app_opened for session c7e91871-52fc-4235-9751-2ee0f44c2d74
2026-07-19 02:09:31.730 | INFO     | event_processor.process_event:43 | Processed event app_opened for session c7e91871-52fc-4235-9751-2ee0f44c2d74
2026-07-19 02:09:32.535 | INFO     | event_processor.process_event:43 | Processed event app_opened for session c7e91871-52fc-4235-9751-2ee0f44c2d74
2026-07-19 02:09:32.899 | INFO     | event_processor.process_event:43 | Processed event app_opened for session c7e91871-52fc-4235-9751-2ee0f44c2d74
2026-07-19 02:09:35.152 | INFO     | event_processor.process_event:43 | Processed event app_opened for session c7e91871-52fc-4235-9751-2ee0f44c2d74
2026-07-19 02:09:35.819 | INFO     | event_processor.process_event:43 | Processed event app_opened for session c7e91871-52fc-4235-9751-2ee0f44c2d74
2026-07-19 02:09:40.585 | INFO     | event_processor.process_event:43 | Processed event app_opened for session c7e91871-52fc-4235-9751-2ee0f44c2d74
2026-07-19 02:09:42.576 | INFO     | event_processor.process_event:43 | Processed event app_opened for session c7e91871-52fc-4235-9751-2ee0f44c2d74
2026-07-19 02:10:36.045 | INFO     | event_processor.process_event:43 | Processed event app_opened for session c7e91871-52fc-4235-9751-2ee0f44c2d74
2026-07-19 02:11:09.020 | INFO     | event_processor.process_event:43 | Processed event app_opened for session c7e91871-52fc-4235-9751-2ee0f44c2d74
2026-07-19 02:11:11.258 | INFO     | event_processor.process_event:43 | Processed event app_opened for session c7e91871-52fc-4235-9751-2ee0f44c2d74
2026-07-19 02:11:27.022 | INFO     | event_processor.process_event:43 | Processed event app_opened for session c7e91871-52fc-4235-9751-2ee0f44c2d74
2026-07-19 02:11:27.036 | INFO     | event_processor.process_event:43 | Processed event app_opened for session c7e91871-52fc-4235-9751-2ee0f44c2d74
2026-07-19 02:11:27.625 | INFO     | event_processor.process_event:43 | Processed event app_opened for session c7e91871-52fc-4235-9751-2ee0f44c2d74
2026-07-19 02:11:27.780 | INFO     | event_processor.process_event:43 | Processed event app_opened for session c7e91871-52fc-4235-9751-2ee0f44c2d74
2026-07-19 02:11:28.717 | INFO     | risk.get_risk_score:110 | Risk assessment session_id=c7e91871-52fc-4235-9751-2ee0f44c2d74 selected_url=n/a final_score=10 confidence=45 level=LOW
2026-07-19 02:11:33.810 | INFO     | event_processor.process_event:43 | Processed event app_opened for session c7e91871-52fc-4235-9751-2ee0f44c2d74
2026-07-19 02:11:34.617 | INFO     | event_processor.process_event:43 | Processed event app_opened for session c7e91871-52fc-4235-9751-2ee0f44c2d74
2026-07-19 02:12:32.012 | INFO     | event_processor.process_event:43 | Processed event app_opened for session c7e91871-52fc-4235-9751-2ee0f44c2d74
2026-07-19 02:12:32.038 | INFO     | event_processor.process_event:43 | Processed event app_opened for session c7e91871-52fc-4235-9751-2ee0f44c2d74
2026-07-19 02:12:32.592 | INFO     | websocket_manager.websocket_endpoint:111 | WebSocket client disconnected
2026-07-19 02:12:32.596 | INFO     | websocket_manager.websocket_endpoint:111 | WebSocket client disconnected
2026-07-19 02:12:32.688 | INFO     | main.lifespan:35 | Shutting down application
2026-07-19 02:30:55.222 | INFO     | main.lifespan:25 | Starting application
2026-07-19 02:30:55.265 | INFO     | database.init_database:29 | Database initialized successfully
2026-07-19 02:30:55.268 | INFO     | main.lifespan:28 | Application startup completed
2026-07-19 02:30:56.689 | INFO     | websocket_manager.websocket_endpoint:49 | WebSocket client connected
2026-07-19 02:31:42.643 | INFO     | websocket_manager.websocket_endpoint:49 | WebSocket client connected
2026-07-19 02:35:35.990 | INFO     | websocket_manager.websocket_endpoint:111 | WebSocket client disconnected
2026-07-19 02:35:35.992 | INFO     | websocket_manager.websocket_endpoint:111 | WebSocket client disconnected
2026-07-19 02:35:36.103 | INFO     | main.lifespan:35 | Shutting down application
2026-07-19 02:35:43.175 | INFO     | main.lifespan:25 | Starting application
2026-07-19 02:35:43.204 | INFO     | database.init_database:29 | Database initialized successfully
2026-07-19 02:35:43.204 | INFO     | main.lifespan:28 | Application startup completed
2026-07-19 02:35:43.642 | INFO     | websocket_manager.websocket_endpoint:49 | WebSocket client connected
2026-07-19 02:35:47.046 | INFO     | websocket_manager.websocket_endpoint:49 | WebSocket client connected
2026-07-19 02:38:31.749 | INFO     | event_processor.process_event:43 | Processed event app_opened for session c7e91871-52fc-4235-9751-2ee0f44c2d74
2026-07-19 02:38:32.329 | INFO     | event_processor.process_event:43 | Processed event app_opened for session c7e91871-52fc-4235-9751-2ee0f44c2d74
2026-07-19 02:38:51.269 | INFO     | event_processor.process_event:43 | Processed event app_opened for session c7e91871-52fc-4235-9751-2ee0f44c2d74
2026-07-19 02:38:51.277 | INFO     | event_processor.process_event:43 | Processed event link_clicked for session c7e91871-52fc-4235-9751-2ee0f44c2d74
2026-07-19 02:38:51.281 | INFO     | connection_manager.send_analyze_url:48 | Sent ANALYZE_URL to extension for session c7e91871-52fc-4235-9751-2ee0f44c2d74: google.com/search?q=reddit&oq=&gs_lcrp=EgZjaHJvbWUqCQgBEEUYOxjCAzIJCAAQRRg7GMIDMgkIARBFGDsYwgMyCQgCEEUYOxjCAzIJCAMQRRg7GMIDMgkIBBBFGDsYwgMyCQgFEEUYOxjCAzIJCAY
2026-07-19 02:38:53.723 | INFO     | websocket_manager._persist_page_analysis:43 | Stored PAGE_ANALYSIS for session c7e91871-52fc-4235-9751-2ee0f44c2d74 (url=google.com/search?q=reddit&oq=&gs_lcrp=EgZjaHJvbWUqCQgBEEUYOxjCAzIJCAAQRRg7GMIDMgkIARBFGDsYwgMyCQgCEEUYOxjCAzIJCAMQRRg7GMIDMgkIBBBFGDsYwgMyCQgFEEUYOxjCAzIJCAY)
2026-07-19 02:38:57.349 | INFO     | event_processor.process_event:43 | Processed event app_opened for session c7e91871-52fc-4235-9751-2ee0f44c2d74
2026-07-19 02:38:57.357 | INFO     | event_processor.process_event:43 | Processed event app_opened for session c7e91871-52fc-4235-9751-2ee0f44c2d74
2026-07-19 02:38:59.138 | INFO     | event_processor.process_event:43 | Processed event app_opened for session c7e91871-52fc-4235-9751-2ee0f44c2d74
2026-07-19 02:39:02.413 | INFO     | event_processor.process_event:43 | Processed event app_opened for session c7e91871-52fc-4235-9751-2ee0f44c2d74
2026-07-19 02:39:03.026 | INFO     | event_processor.process_event:43 | Processed event app_opened for session c7e91871-52fc-4235-9751-2ee0f44c2d74
2026-07-19 02:39:04.067 | INFO     | event_processor.process_event:43 | Processed event link_clicked for session c7e91871-52fc-4235-9751-2ee0f44c2d74
2026-07-19 02:39:04.071 | INFO     | connection_manager.send_analyze_url:48 | Sent ANALYZE_URL to extension for session c7e91871-52fc-4235-9751-2ee0f44c2d74: https://github.com
2026-07-19 02:39:04.079 | INFO     | event_processor.process_event:43 | Processed event link_clicked for session c7e91871-52fc-4235-9751-2ee0f44c2d74
2026-07-19 02:39:04.088 | INFO     | connection_manager.send_analyze_url:48 | Sent ANALYZE_URL to extension for session c7e91871-52fc-4235-9751-2ee0f44c2d74: https://mail.gov.in
2026-07-19 02:39:04.090 | INFO     | event_processor.process_event:43 | Processed event link_clicked for session c7e91871-52fc-4235-9751-2ee0f44c2d74
2026-07-19 02:39:04.098 | INFO     | connection_manager.send_analyze_url:48 | Sent ANALYZE_URL to extension for session c7e91871-52fc-4235-9751-2ee0f44c2d74: connectivitycheck.gstatic.com/generate_204
2026-07-19 02:39:05.698 | INFO     | event_processor.process_event:43 | Processed event link_clicked for session c7e91871-52fc-4235-9751-2ee0f44c2d74
2026-07-19 02:39:05.701 | INFO     | connection_manager.send_analyze_url:48 | Sent ANALYZE_URL to extension for session c7e91871-52fc-4235-9751-2ee0f44c2d74: google.com/search?q=gov.login&oq=gov&gs_lcrp=EgZjaHJvbWUqBggAEEUYOzIGCAAQRRg7MgYIARBFGDkyCggCEAAYsQMYgAQyDwgDEAAYAhifARixAxiABDIKCAQQLhixAxiABDINCAUQABiDARixA
2026-07-19 02:39:06.293 | INFO     | websocket_manager._persist_page_analysis:43 | Stored PAGE_ANALYSIS for session c7e91871-52fc-4235-9751-2ee0f44c2d74 (url=https://github.com)
2026-07-19 02:39:06.721 | WARNING  | websocket_manager.websocket_endpoint:86 | Extension reported analysis error for session c7e91871-52fc-4235-9751-2ee0f44c2d74: Tab 97400755 navigation failed: net::ERR_ABORTED
2026-07-19 02:39:08.384 | INFO     | event_processor.process_event:43 | Processed event link_clicked for session c7e91871-52fc-4235-9751-2ee0f44c2d74
2026-07-19 02:39:08.386 | INFO     | connection_manager.send_analyze_url:48 | Sent ANALYZE_URL to extension for session c7e91871-52fc-4235-9751-2ee0f44c2d74: accounts.mgovcloud.in/signin?servicename=VirtualOffice&serviceurl=https%3A%2F%2Fmail.mgovcloud.in%2F
2026-07-19 02:39:09.166 | INFO     | websocket_manager._persist_page_analysis:43 | Stored PAGE_ANALYSIS for session c7e91871-52fc-4235-9751-2ee0f44c2d74 (url=https://mail.gov.in)
2026-07-19 02:39:10.460 | INFO     | websocket_manager._persist_page_analysis:43 | Stored PAGE_ANALYSIS for session c7e91871-52fc-4235-9751-2ee0f44c2d74 (url=accounts.mgovcloud.in/signin?servicename=VirtualOffice&serviceurl=https%3A%2F%2Fmail.mgovcloud.in%2F)
2026-07-19 02:39:10.672 | INFO     | websocket_manager._persist_page_analysis:43 | Stored PAGE_ANALYSIS for session c7e91871-52fc-4235-9751-2ee0f44c2d74 (url=google.com/search?q=gov.login&oq=gov&gs_lcrp=EgZjaHJvbWUqBggAEEUYOzIGCAAQRRg7MgYIARBFGDkyCggCEAAYsQMYgAQyDwgDEAAYAhifARixAxiABDIKCAQQLhixAxiABDINCAUQABiDARixA)
2026-07-19 02:39:15.219 | INFO     | event_processor.process_event:43 | Processed event link_clicked for session c7e91871-52fc-4235-9751-2ee0f44c2d74
2026-07-19 02:39:15.223 | INFO     | connection_manager.send_analyze_url:48 | Sent ANALYZE_URL to extension for session c7e91871-52fc-4235-9751-2ee0f44c2d74: accounts.mgovcloud.in/signin
2026-07-19 02:39:16.467 | INFO     | event_processor.process_event:43 | Processed event link_clicked for session c7e91871-52fc-4235-9751-2ee0f44c2d74
2026-07-19 02:39:16.474 | INFO     | websocket_manager._persist_page_analysis:43 | Stored PAGE_ANALYSIS for session c7e91871-52fc-4235-9751-2ee0f44c2d74 (url=accounts.mgovcloud.in/signin)
2026-07-19 02:39:16.478 | INFO     | connection_manager.send_analyze_url:48 | Sent ANALYZE_URL to extension for session c7e91871-52fc-4235-9751-2ee0f44c2d74: accounts.mgovcloud.in/signin?servicename=VirtualOffice&serviceurl=https%3A%2F%2Fmail.mgovcloud.in%2F
2026-07-19 02:39:17.542 | INFO     | websocket_manager._persist_page_analysis:43 | Stored PAGE_ANALYSIS for session c7e91871-52fc-4235-9751-2ee0f44c2d74 (url=accounts.mgovcloud.in/signin?servicename=VirtualOffice&serviceurl=https%3A%2F%2Fmail.mgovcloud.in%2F)
2026-07-19 02:39:39.671 | INFO     | event_processor.process_event:43 | Processed event app_opened for session c7e91871-52fc-4235-9751-2ee0f44c2d74
2026-07-19 02:40:20.821 | INFO     | event_processor.process_event:43 | Processed event app_opened for session c7e91871-52fc-4235-9751-2ee0f44c2d74
2026-07-19 02:40:20.835 | INFO     | event_processor.process_event:43 | Processed event app_opened for session c7e91871-52fc-4235-9751-2ee0f44c2d74
2026-07-19 02:40:21.463 | INFO     | event_processor.process_event:43 | Processed event app_opened for session c7e91871-52fc-4235-9751-2ee0f44c2d74
2026-07-19 02:40:35.915 | INFO     | event_processor.process_event:43 | Processed event app_opened for session c7e91871-52fc-4235-9751-2ee0f44c2d74
2026-07-19 02:40:36.616 | INFO     | event_processor.process_event:43 | Processed event app_opened for session c7e91871-52fc-4235-9751-2ee0f44c2d74
2026-07-19 02:40:42.677 | INFO     | event_processor.process_event:43 | Processed event app_opened for session c7e91871-52fc-4235-9751-2ee0f44c2d74
2026-07-19 02:40:43.376 | INFO     | event_processor.process_event:43 | Processed event app_opened for session c7e91871-52fc-4235-9751-2ee0f44c2d74
2026-07-19 02:40:53.745 | INFO     | event_processor.process_event:43 | Processed event app_opened for session c7e91871-52fc-4235-9751-2ee0f44c2d74
2026-07-19 02:40:54.434 | INFO     | event_processor.process_event:43 | Processed event app_opened for session c7e91871-52fc-4235-9751-2ee0f44c2d74
2026-07-19 02:40:55.178 | INFO     | event_processor.process_event:43 | Processed event app_opened for session c7e91871-52fc-4235-9751-2ee0f44c2d74
2026-07-19 02:40:55.353 | INFO     | event_processor.process_event:43 | Processed event app_opened for session c7e91871-52fc-4235-9751-2ee0f44c2d74
2026-07-19 02:40:56.993 | INFO     | event_processor.process_event:43 | Processed event link_clicked for session c7e91871-52fc-4235-9751-2ee0f44c2d74
2026-07-19 02:40:56.995 | INFO     | connection_manager.send_analyze_url:48 | Sent ANALYZE_URL to extension for session c7e91871-52fc-4235-9751-2ee0f44c2d74: www.reddit.com
2026-07-19 02:40:57.011 | INFO     | event_processor.process_event:43 | Processed event link_clicked for session c7e91871-52fc-4235-9751-2ee0f44c2d74
2026-07-19 02:40:57.014 | INFO     | connection_manager.send_analyze_url:48 | Sent ANALYZE_URL to extension for session c7e91871-52fc-4235-9751-2ee0f44c2d74: www.flipkart.com
2026-07-19 02:40:57.021 | INFO     | event_processor.process_event:43 | Processed event link_clicked for session c7e91871-52fc-4235-9751-2ee0f44c2d74
2026-07-19 02:40:57.022 | INFO     | connection_manager.send_analyze_url:48 | Sent ANALYZE_URL to extension for session c7e91871-52fc-4235-9751-2ee0f44c2d74: www.amazon.in
2026-07-19 02:40:57.733 | INFO     | websocket_manager._persist_page_analysis:43 | Stored PAGE_ANALYSIS for session c7e91871-52fc-4235-9751-2ee0f44c2d74 (url=www.reddit.com)
2026-07-19 02:40:59.288 | INFO     | websocket_manager._persist_page_analysis:43 | Stored PAGE_ANALYSIS for session c7e91871-52fc-4235-9751-2ee0f44c2d74 (url=www.amazon.in)
2026-07-19 02:41:00.153 | INFO     | websocket_manager._persist_page_analysis:43 | Stored PAGE_ANALYSIS for session c7e91871-52fc-4235-9751-2ee0f44c2d74 (url=www.flipkart.com)
2026-07-19 02:41:06.735 | INFO     | event_processor.process_event:43 | Processed event link_clicked for session c7e91871-52fc-4235-9751-2ee0f44c2d74
2026-07-19 02:41:06.738 | INFO     | connection_manager.send_analyze_url:48 | Sent ANALYZE_URL to extension for session c7e91871-52fc-4235-9751-2ee0f44c2d74: www.flipkart.com
2026-07-19 02:41:06.766 | INFO     | event_processor.process_event:43 | Processed event link_clicked for session c7e91871-52fc-4235-9751-2ee0f44c2d74
2026-07-19 02:41:06.777 | INFO     | connection_manager.send_analyze_url:48 | Sent ANALYZE_URL to extension for session c7e91871-52fc-4235-9751-2ee0f44c2d74: www.reddit.com
2026-07-19 02:41:06.781 | INFO     | event_processor.process_event:43 | Processed event link_clicked for session c7e91871-52fc-4235-9751-2ee0f44c2d74
2026-07-19 02:41:06.783 | INFO     | connection_manager.send_analyze_url:48 | Sent ANALYZE_URL to extension for session c7e91871-52fc-4235-9751-2ee0f44c2d74: www.amazon.in
2026-07-19 02:41:06.816 | INFO     | event_processor.process_event:43 | Processed event app_opened for session c7e91871-52fc-4235-9751-2ee0f44c2d74
2026-07-19 02:41:07.186 | INFO     | websocket_manager._persist_page_analysis:43 | Stored PAGE_ANALYSIS for session c7e91871-52fc-4235-9751-2ee0f44c2d74 (url=www.reddit.com)
2026-07-19 02:41:07.903 | INFO     | websocket_manager._persist_page_analysis:43 | Stored PAGE_ANALYSIS for session c7e91871-52fc-4235-9751-2ee0f44c2d74 (url=www.amazon.in)
2026-07-19 02:41:09.476 | INFO     | websocket_manager._persist_page_analysis:43 | Stored PAGE_ANALYSIS for session c7e91871-52fc-4235-9751-2ee0f44c2d74 (url=www.flipkart.com)
2026-07-19 02:41:28.240 | INFO     | event_processor.process_event:43 | Processed event app_opened for session c7e91871-52fc-4235-9751-2ee0f44c2d74
2026-07-19 02:41:28.255 | INFO     | event_processor.process_event:43 | Processed event app_opened for session c7e91871-52fc-4235-9751-2ee0f44c2d74
2026-07-19 02:41:28.561 | INFO     | event_processor.process_event:43 | Processed event app_opened for session c7e91871-52fc-4235-9751-2ee0f44c2d74
2026-07-19 02:41:30.833 | INFO     | event_processor.process_event:43 | Processed event app_opened for session c7e91871-52fc-4235-9751-2ee0f44c2d74
2026-07-19 02:41:31.457 | INFO     | event_processor.process_event:43 | Processed event app_opened for session c7e91871-52fc-4235-9751-2ee0f44c2d74
2026-07-19 02:41:32.919 | INFO     | event_processor.process_event:43 | Processed event app_opened for session c7e91871-52fc-4235-9751-2ee0f44c2d74
2026-07-19 02:41:33.072 | INFO     | event_processor.process_event:43 | Processed event app_opened for session c7e91871-52fc-4235-9751-2ee0f44c2d74
2026-07-19 02:41:37.338 | INFO     | event_processor.process_event:43 | Processed event link_clicked for session c7e91871-52fc-4235-9751-2ee0f44c2d74
2026-07-19 02:41:37.341 | INFO     | connection_manager.send_analyze_url:48 | Sent ANALYZE_URL to extension for session c7e91871-52fc-4235-9751-2ee0f44c2d74: accounts.mgovcloud.in/signin?servicename=VirtualOffice&serviceurl=https%3A%2F%2Fmail.mgovcloud.in%2F
2026-07-19 02:41:38.662 | INFO     | websocket_manager._persist_page_analysis:43 | Stored PAGE_ANALYSIS for session c7e91871-52fc-4235-9751-2ee0f44c2d74 (url=accounts.mgovcloud.in/signin?servicename=VirtualOffice&serviceurl=https%3A%2F%2Fmail.mgovcloud.in%2F)
2026-07-19 02:41:41.372 | INFO     | event_processor.process_event:43 | Processed event app_opened for session c7e91871-52fc-4235-9751-2ee0f44c2d74
2026-07-19 02:41:41.400 | INFO     | event_processor.process_event:43 | Processed event link_clicked for session c7e91871-52fc-4235-9751-2ee0f44c2d74
2026-07-19 02:41:41.402 | INFO     | connection_manager.send_analyze_url:48 | Sent ANALYZE_URL to extension for session c7e91871-52fc-4235-9751-2ee0f44c2d74: www.reddit.com
2026-07-19 02:41:41.752 | INFO     | websocket_manager._persist_page_analysis:43 | Stored PAGE_ANALYSIS for session c7e91871-52fc-4235-9751-2ee0f44c2d74 (url=www.reddit.com)
2026-07-19 02:41:43.010 | INFO     | event_processor.process_event:43 | Processed event link_clicked for session c7e91871-52fc-4235-9751-2ee0f44c2d74
2026-07-19 02:41:43.013 | INFO     | connection_manager.send_analyze_url:48 | Sent ANALYZE_URL to extension for session c7e91871-52fc-4235-9751-2ee0f44c2d74: www.reddit.com
2026-07-19 02:41:43.037 | INFO     | event_processor.process_event:43 | Processed event link_clicked for session c7e91871-52fc-4235-9751-2ee0f44c2d74
2026-07-19 02:41:43.038 | INFO     | connection_manager.send_analyze_url:48 | Sent ANALYZE_URL to extension for session c7e91871-52fc-4235-9751-2ee0f44c2d74: accounts.mgovcloud.in/signin?servicename=VirtualOffice&serviceurl=https%3A%2F%2Fmail.mgovcloud.in%2F
2026-07-19 02:41:43.379 | INFO     | websocket_manager._persist_page_analysis:43 | Stored PAGE_ANALYSIS for session c7e91871-52fc-4235-9751-2ee0f44c2d74 (url=www.reddit.com)
2026-07-19 02:41:43.966 | INFO     | websocket_manager._persist_page_analysis:43 | Stored PAGE_ANALYSIS for session c7e91871-52fc-4235-9751-2ee0f44c2d74 (url=accounts.mgovcloud.in/signin?servicename=VirtualOffice&serviceurl=https%3A%2F%2Fmail.mgovcloud.in%2F)
2026-07-19 02:41:52.259 | INFO     | event_processor.process_event:43 | Processed event app_opened for session c7e91871-52fc-4235-9751-2ee0f44c2d74
2026-07-19 02:41:52.270 | INFO     | event_processor.process_event:43 | Processed event app_opened for session c7e91871-52fc-4235-9751-2ee0f44c2d74
2026-07-19 02:41:52.286 | INFO     | event_processor.process_event:43 | Processed event app_opened for session c7e91871-52fc-4235-9751-2ee0f44c2d74
2026-07-19 02:41:53.590 | INFO     | event_processor.process_event:43 | Processed event app_opened for session c7e91871-52fc-4235-9751-2ee0f44c2d74
2026-07-19 02:42:55.968 | INFO     | event_processor.process_event:43 | Processed event app_opened for session c7e91871-52fc-4235-9751-2ee0f44c2d74
2026-07-19 03:04:11.028 | INFO     | websocket_manager.websocket_endpoint:111 | WebSocket client disconnected
2026-07-19 03:04:11.033 | INFO     | websocket_manager.websocket_endpoint:111 | WebSocket client disconnected
2026-07-19 03:04:11.123 | INFO     | main.lifespan:35 | Shutting down application
2026-07-19 03:04:46.348 | INFO     | main.lifespan:25 | Starting application
2026-07-19 03:04:46.394 | INFO     | database.init_database:29 | Database initialized successfully
2026-07-19 03:04:46.394 | INFO     | main.lifespan:28 | Application startup completed
2026-07-19 03:04:56.620 | INFO     | websocket_manager.websocket_endpoint:49 | WebSocket client connected
2026-07-19 03:05:01.240 | WARNING  | risk.get_risk_score:57 | No events found for session_id=c7e91871-52fc-4235-9751-2ee0f44c2d74
2026-07-19 03:05:01.931 | WARNING  | risk.get_risk_score:57 | No events found for session_id=c7e91871-52fc-4235-9751-2ee0f44c2d74
2026-07-19 03:05:03.161 | WARNING  | risk.get_risk_score:57 | No events found for session_id=c7e91871-52fc-4235-9751-2ee0f44c2d74
2026-07-19 03:05:03.363 | WARNING  | risk.get_risk_score:57 | No events found for session_id=c7e91871-52fc-4235-9751-2ee0f44c2d74
2026-07-19 03:05:03.540 | WARNING  | risk.get_risk_score:57 | No events found for session_id=c7e91871-52fc-4235-9751-2ee0f44c2d74
2026-07-19 03:05:03.970 | WARNING  | risk.get_risk_score:57 | No events found for session_id=c7e91871-52fc-4235-9751-2ee0f44c2d74
2026-07-19 03:05:04.202 | WARNING  | risk.get_risk_score:57 | No events found for session_id=c7e91871-52fc-4235-9751-2ee0f44c2d74
2026-07-19 03:05:04.374 | WARNING  | risk.get_risk_score:57 | No events found for session_id=c7e91871-52fc-4235-9751-2ee0f44c2d74
2026-07-19 03:05:04.518 | WARNING  | risk.get_risk_score:57 | No events found for session_id=c7e91871-52fc-4235-9751-2ee0f44c2d74
2026-07-19 03:05:04.694 | WARNING  | risk.get_risk_score:57 | No events found for session_id=c7e91871-52fc-4235-9751-2ee0f44c2d74
2026-07-19 03:05:04.829 | WARNING  | risk.get_risk_score:57 | No events found for session_id=c7e91871-52fc-4235-9751-2ee0f44c2d74
2026-07-19 03:05:05.108 | WARNING  | risk.get_risk_score:57 | No events found for session_id=c7e91871-52fc-4235-9751-2ee0f44c2d74
2026-07-19 03:05:05.292 | WARNING  | risk.get_risk_score:57 | No events found for session_id=c7e91871-52fc-4235-9751-2ee0f44c2d74
2026-07-19 03:05:05.598 | WARNING  | risk.get_risk_score:57 | No events found for session_id=c7e91871-52fc-4235-9751-2ee0f44c2d74
2026-07-19 03:05:05.820 | WARNING  | risk.get_risk_score:57 | No events found for session_id=c7e91871-52fc-4235-9751-2ee0f44c2d74
2026-07-19 03:05:05.940 | WARNING  | risk.get_risk_score:57 | No events found for session_id=c7e91871-52fc-4235-9751-2ee0f44c2d74
2026-07-19 03:05:06.080 | WARNING  | risk.get_risk_score:57 | No events found for session_id=c7e91871-52fc-4235-9751-2ee0f44c2d74
2026-07-19 03:05:06.331 | WARNING  | risk.get_risk_score:57 | No events found for session_id=c7e91871-52fc-4235-9751-2ee0f44c2d74
2026-07-19 03:05:06.443 | WARNING  | risk.get_risk_score:57 | No events found for session_id=c7e91871-52fc-4235-9751-2ee0f44c2d74
2026-07-19 03:05:06.639 | WARNING  | risk.get_risk_score:57 | No events found for session_id=c7e91871-52fc-4235-9751-2ee0f44c2d74
2026-07-19 03:05:06.773 | WARNING  | risk.get_risk_score:57 | No events found for session_id=c7e91871-52fc-4235-9751-2ee0f44c2d74
2026-07-19 03:05:29.061 | INFO     | event_processor.process_event:43 | Processed event app_opened for session c7e91871-52fc-4235-9751-2ee0f44c2d74
2026-07-19 03:05:29.075 | INFO     | event_processor.process_event:43 | Processed event app_opened for session c7e91871-52fc-4235-9751-2ee0f44c2d74
2026-07-19 03:05:29.094 | INFO     | event_processor.process_event:43 | Processed event app_opened for session c7e91871-52fc-4235-9751-2ee0f44c2d74
2026-07-19 03:05:29.622 | INFO     | event_processor.process_event:43 | Processed event app_opened for session c7e91871-52fc-4235-9751-2ee0f44c2d74
2026-07-19 03:05:29.643 | INFO     | event_processor.process_event:43 | Processed event app_opened for session c7e91871-52fc-4235-9751-2ee0f44c2d74
2026-07-19 03:05:35.630 | INFO     | event_processor.process_event:43 | Processed event app_opened for session c7e91871-52fc-4235-9751-2ee0f44c2d74
2026-07-19 03:05:35.677 | INFO     | event_processor.process_event:43 | Processed event link_clicked for session c7e91871-52fc-4235-9751-2ee0f44c2d74
2026-07-19 03:05:35.683 | INFO     | connection_manager.send_analyze_url:48 | Sent ANALYZE_URL to extension for session c7e91871-52fc-4235-9751-2ee0f44c2d74: accounts.mgovcloud.in/signin?servicename=VirtualOffice&serviceurl=https%3A%2F%2Fmail.mgovcloud.in%2F
2026-07-19 03:05:35.697 | INFO     | event_processor.process_event:43 | Processed event app_opened for session c7e91871-52fc-4235-9751-2ee0f44c2d74
2026-07-19 03:05:35.718 | INFO     | event_processor.process_event:43 | Processed event link_clicked for session c7e91871-52fc-4235-9751-2ee0f44c2d74
2026-07-19 03:05:35.719 | INFO     | connection_manager.send_analyze_url:48 | Sent ANALYZE_URL to extension for session c7e91871-52fc-4235-9751-2ee0f44c2d74: www.reddit.com
2026-07-19 03:05:36.418 | INFO     | websocket_manager._persist_page_analysis:43 | Stored PAGE_ANALYSIS for session c7e91871-52fc-4235-9751-2ee0f44c2d74 (url=www.reddit.com)
2026-07-19 03:05:36.983 | INFO     | websocket_manager._persist_page_analysis:43 | Stored PAGE_ANALYSIS for session c7e91871-52fc-4235-9751-2ee0f44c2d74 (url=accounts.mgovcloud.in/signin?servicename=VirtualOffice&serviceurl=https%3A%2F%2Fmail.mgovcloud.in%2F)
2026-07-19 03:05:37.507 | INFO     | event_processor.process_event:43 | Processed event link_clicked for session c7e91871-52fc-4235-9751-2ee0f44c2d74
2026-07-19 03:05:37.510 | INFO     | connection_manager.send_analyze_url:48 | Sent ANALYZE_URL to extension for session c7e91871-52fc-4235-9751-2ee0f44c2d74: accounts.mgovcloud.in/signin?servicename=VirtualOffice&serviceurl=https%3A%2F%2Fmail.mgovcloud.in%2F
2026-07-19 03:05:37.523 | INFO     | event_processor.process_event:43 | Processed event link_clicked for session c7e91871-52fc-4235-9751-2ee0f44c2d74
2026-07-19 03:05:37.525 | INFO     | connection_manager.send_analyze_url:48 | Sent ANALYZE_URL to extension for session c7e91871-52fc-4235-9751-2ee0f44c2d74: www.reddit.com
2026-07-19 03:05:38.044 | INFO     | websocket_manager._persist_page_analysis:43 | Stored PAGE_ANALYSIS for session c7e91871-52fc-4235-9751-2ee0f44c2d74 (url=www.reddit.com)
2026-07-19 03:05:38.460 | INFO     | websocket_manager._persist_page_analysis:43 | Stored PAGE_ANALYSIS for session c7e91871-52fc-4235-9751-2ee0f44c2d74 (url=accounts.mgovcloud.in/signin?servicename=VirtualOffice&serviceurl=https%3A%2F%2Fmail.mgovcloud.in%2F)
2026-07-19 03:05:39.264 | INFO     | websocket_manager.websocket_endpoint:49 | WebSocket client connected
2026-07-19 03:06:00.444 | INFO     | event_processor.process_event:43 | Processed event link_clicked for session c7e91871-52fc-4235-9751-2ee0f44c2d74
2026-07-19 03:06:00.444 | INFO     | connection_manager.send_analyze_url:48 | Sent ANALYZE_URL to extension for session c7e91871-52fc-4235-9751-2ee0f44c2d74: accounts.mgovcloud.in/signin?servicename=VirtualOffice&serviceurl=https%3A%2F%2Fmail.mgovcloud.in%2F
2026-07-19 03:06:01.641 | INFO     | websocket_manager._persist_page_analysis:43 | Stored PAGE_ANALYSIS for session c7e91871-52fc-4235-9751-2ee0f44c2d74 (url=accounts.mgovcloud.in/signin?servicename=VirtualOffice&serviceurl=https%3A%2F%2Fmail.mgovcloud.in%2F)
2026-07-19 03:06:04.003 | INFO     | event_processor.process_event:43 | Processed event app_opened for session c7e91871-52fc-4235-9751-2ee0f44c2d74
2026-07-19 03:06:04.023 | INFO     | event_processor.process_event:43 | Processed event app_opened for session c7e91871-52fc-4235-9751-2ee0f44c2d74
2026-07-19 03:06:04.715 | INFO     | event_processor.process_event:43 | Processed event app_opened for session c7e91871-52fc-4235-9751-2ee0f44c2d74
2026-07-19 03:06:05.799 | INFO     | risk.get_risk_score:100 | Risk assessment session_id=c7e91871-52fc-4235-9751-2ee0f44c2d74 selected_url=https://accounts.mgovcloud.in/signin?servicename=VirtualOffice&serviceurl=https%3A%2F%2Fmail.mgovcloud.in%2F final_score=47 confidence=80 level=MEDIUM
2026-07-19 03:08:39.670 | INFO     | event_processor.process_event:43 | Processed event app_opened for session c7e91871-52fc-4235-9751-2ee0f44c2d74
2026-07-19 03:15:19.692 | INFO     | event_processor.process_event:43 | Processed event app_opened for session c7e91871-52fc-4235-9751-2ee0f44c2d74
2026-07-19 03:15:20.359 | INFO     | event_processor.process_event:43 | Processed event app_opened for session c7e91871-52fc-4235-9751-2ee0f44c2d74
2026-07-19 03:15:22.129 | INFO     | event_processor.process_event:43 | Processed event app_opened for session c7e91871-52fc-4235-9751-2ee0f44c2d74
2026-07-19 03:15:23.859 | INFO     | event_processor.process_event:43 | Processed event app_opened for session c7e91871-52fc-4235-9751-2ee0f44c2d74
2026-07-19 03:15:26.890 | INFO     | event_processor.process_event:43 | Processed event app_opened for session c7e91871-52fc-4235-9751-2ee0f44c2d74
2026-07-19 03:15:33.072 | INFO     | event_processor.process_event:43 | Processed event app_opened for session c7e91871-52fc-4235-9751-2ee0f44c2d74
2026-07-19 03:16:11.186 | INFO     | event_processor.process_event:43 | Processed event app_opened for session c7e91871-52fc-4235-9751-2ee0f44c2d74
2026-07-19 03:16:11.203 | INFO     | event_processor.process_event:43 | Processed event link_clicked for session c7e91871-52fc-4235-9751-2ee0f44c2d74
2026-07-19 03:16:11.208 | INFO     | connection_manager.send_analyze_url:48 | Sent ANALYZE_URL to extension for session c7e91871-52fc-4235-9751-2ee0f44c2d74: redir.wakdev.com/nfc-chips-en
2026-07-19 03:16:13.704 | INFO     | event_processor.process_event:43 | Processed event app_opened for session c7e91871-52fc-4235-9751-2ee0f44c2d74
2026-07-19 03:16:13.723 | INFO     | event_processor.process_event:43 | Processed event link_clicked for session c7e91871-52fc-4235-9751-2ee0f44c2d74
2026-07-19 03:16:13.723 | INFO     | connection_manager.send_analyze_url:48 | Sent ANALYZE_URL to extension for session c7e91871-52fc-4235-9751-2ee0f44c2d74: accounts.mgovcloud.in/signin?servicename=VirtualOffice&serviceurl=https%3A%2F%2Fmail.mgovcloud.in%2F
2026-07-19 03:16:15.503 | INFO     | websocket_manager._persist_page_analysis:43 | Stored PAGE_ANALYSIS for session c7e91871-52fc-4235-9751-2ee0f44c2d74 (url=accounts.mgovcloud.in/signin?servicename=VirtualOffice&serviceurl=https%3A%2F%2Fmail.mgovcloud.in%2F)
2026-07-19 03:16:17.703 | INFO     | event_processor.process_event:43 | Processed event app_opened for session c7e91871-52fc-4235-9751-2ee0f44c2d74
2026-07-19 03:16:20.671 | INFO     | websocket_manager._persist_page_analysis:43 | Stored PAGE_ANALYSIS for session c7e91871-52fc-4235-9751-2ee0f44c2d74 (url=redir.wakdev.com/nfc-chips-en)
2026-07-19 03:17:37.476 | INFO     | event_processor.process_event:43 | Processed event app_opened for session c7e91871-52fc-4235-9751-2ee0f44c2d74
2026-07-19 03:17:38.192 | INFO     | event_processor.process_event:43 | Processed event app_opened for session c7e91871-52fc-4235-9751-2ee0f44c2d74
2026-07-19 03:17:42.296 | INFO     | event_processor.process_event:43 | Processed event app_opened for session c7e91871-52fc-4235-9751-2ee0f44c2d74
2026-07-19 03:17:42.506 | INFO     | event_processor.process_event:43 | Processed event app_opened for session c7e91871-52fc-4235-9751-2ee0f44c2d74
2026-07-19 03:17:43.494 | INFO     | event_processor.process_event:43 | Processed event app_opened for session c7e91871-52fc-4235-9751-2ee0f44c2d74
2026-07-19 03:17:43.529 | INFO     | event_processor.process_event:43 | Processed event app_opened for session c7e91871-52fc-4235-9751-2ee0f44c2d74
2026-07-19 03:17:46.353 | INFO     | event_processor.process_event:43 | Processed event app_opened for session c7e91871-52fc-4235-9751-2ee0f44c2d74
2026-07-19 03:36:48.448 | INFO     | websocket_manager.websocket_endpoint:111 | WebSocket client disconnected
2026-07-19 03:36:48.452 | INFO     | websocket_manager.websocket_endpoint:111 | WebSocket client disconnected
2026-07-19 03:36:48.568 | INFO     | main.lifespan:35 | Shutting down application
2026-07-19 03:36:54.727 | INFO     | main.lifespan:25 | Starting application
2026-07-19 03:36:54.735 | INFO     | database.init_database:29 | Database initialized successfully
2026-07-19 03:36:54.736 | INFO     | main.lifespan:28 | Application startup completed
2026-07-19 03:36:56.638 | INFO     | websocket_manager.websocket_endpoint:49 | WebSocket client connected
2026-07-19 03:37:01.144 | INFO     | websocket_manager.websocket_endpoint:49 | WebSocket client connected
2026-07-19 03:38:52.436 | INFO     | event_processor.process_event:43 | Processed event app_opened for session c7e91871-52fc-4235-9751-2ee0f44c2d74
2026-07-19 03:38:52.461 | INFO     | event_processor.process_event:43 | Processed event app_opened for session c7e91871-52fc-4235-9751-2ee0f44c2d74
2026-07-19 03:38:55.632 | INFO     | event_processor.process_event:43 | Processed event app_opened for session c7e91871-52fc-4235-9751-2ee0f44c2d74
2026-07-19 03:38:57.671 | INFO     | event_processor.process_event:43 | Processed event link_clicked for session c7e91871-52fc-4235-9751-2ee0f44c2d74
2026-07-19 03:38:57.674 | INFO     | connection_manager.send_analyze_url:48 | Sent ANALYZE_URL to extension for session c7e91871-52fc-4235-9751-2ee0f44c2d74: www.reddit.com
2026-07-19 03:38:58.422 | INFO     | event_processor.process_event:43 | Processed event app_opened for session c7e91871-52fc-4235-9751-2ee0f44c2d74
2026-07-19 03:38:59.289 | INFO     | event_processor.process_event:43 | Processed event link_clicked for session c7e91871-52fc-4235-9751-2ee0f44c2d74
2026-07-19 03:38:59.290 | INFO     | connection_manager.send_analyze_url:48 | Sent ANALYZE_URL to extension for session c7e91871-52fc-4235-9751-2ee0f44c2d74: accounts.mgovcloud.in/signin?servicename=VirtualOffice&serviceurl=https%3A%2F%2Fmail.mgovcloud.in%2F
2026-07-19 03:38:59.302 | INFO     | event_processor.process_event:43 | Processed event link_clicked for session c7e91871-52fc-4235-9751-2ee0f44c2d74
2026-07-19 03:38:59.306 | INFO     | connection_manager.send_analyze_url:48 | Sent ANALYZE_URL to extension for session c7e91871-52fc-4235-9751-2ee0f44c2d74: www.reddit.com
2026-07-19 03:38:59.741 | INFO     | websocket_manager._persist_page_analysis:43 | Stored PAGE_ANALYSIS for session c7e91871-52fc-4235-9751-2ee0f44c2d74 (url=www.reddit.com)
2026-07-19 03:39:01.584 | INFO     | event_processor.process_event:43 | Processed event link_clicked for session c7e91871-52fc-4235-9751-2ee0f44c2d74
2026-07-19 03:39:01.588 | INFO     | connection_manager.send_analyze_url:48 | Sent ANALYZE_URL to extension for session c7e91871-52fc-4235-9751-2ee0f44c2d74: accounts.mgovcloud.in/signin?servicename=VirtualOffice&serviceurl=https%3A%2F%2Fmail.mgovcloud.in%2F
2026-07-19 03:39:03.119 | INFO     | websocket_manager._persist_page_analysis:43 | Stored PAGE_ANALYSIS for session c7e91871-52fc-4235-9751-2ee0f44c2d74 (url=accounts.mgovcloud.in/signin?servicename=VirtualOffice&serviceurl=https%3A%2F%2Fmail.mgovcloud.in%2F)
2026-07-19 03:39:03.516 | INFO     | event_processor.process_event:43 | Processed event app_opened for session c7e91871-52fc-4235-9751-2ee0f44c2d74
2026-07-19 03:39:03.525 | INFO     | event_processor.process_event:43 | Processed event app_opened for session c7e91871-52fc-4235-9751-2ee0f44c2d74
2026-07-19 03:39:04.335 | INFO     | event_processor.process_event:43 | Processed event app_opened for session c7e91871-52fc-4235-9751-2ee0f44c2d74
2026-07-19 03:39:08.621 | INFO     | risk.get_risk_score:100 | Risk assessment session_id=c7e91871-52fc-4235-9751-2ee0f44c2d74 selected_url=https://accounts.mgovcloud.in/signin?servicename=VirtualOffice&serviceurl=https%3A%2F%2Fmail.mgovcloud.in%2F final_score=46 confidence=80 level=MEDIUM
2026-07-19 03:39:12.342 | INFO     | risk.get_risk_score:100 | Risk assessment session_id=c7e91871-52fc-4235-9751-2ee0f44c2d74 selected_url=https://accounts.mgovcloud.in/signin?servicename=VirtualOffice&serviceurl=https%3A%2F%2Fmail.mgovcloud.in%2F final_score=46 confidence=80 level=MEDIUM
2026-07-19 03:39:30.062 | INFO     | risk.get_risk_score:100 | Risk assessment session_id=c7e91871-52fc-4235-9751-2ee0f44c2d74 selected_url=https://accounts.mgovcloud.in/signin?servicename=VirtualOffice&serviceurl=https%3A%2F%2Fmail.mgovcloud.in%2F final_score=46 confidence=80 level=MEDIUM
2026-07-19 03:39:39.160 | INFO     | event_processor.process_event:43 | Processed event app_opened for session c7e91871-52fc-4235-9751-2ee0f44c2d74
2026-07-19 03:39:39.180 | INFO     | event_processor.process_event:43 | Processed event app_opened for session c7e91871-52fc-4235-9751-2ee0f44c2d74
2026-07-19 03:39:40.184 | INFO     | event_processor.process_event:43 | Processed event app_opened for session c7e91871-52fc-4235-9751-2ee0f44c2d74
2026-07-19 03:39:40.192 | INFO     | event_processor.process_event:43 | Processed event app_opened for session c7e91871-52fc-4235-9751-2ee0f44c2d74
2026-07-19 03:39:40.208 | INFO     | event_processor.process_event:43 | Processed event link_clicked for session c7e91871-52fc-4235-9751-2ee0f44c2d74
2026-07-19 03:39:40.216 | INFO     | connection_manager.send_analyze_url:48 | Sent ANALYZE_URL to extension for session c7e91871-52fc-4235-9751-2ee0f44c2d74: google.com/search?q=gov.login&oq=gov&gs_lcrp=EgZjaHJvbWUqBggAEEUYOzIGCAAQRRg7MgYIARBFGDkyCggCEAAYsQMYgAQyDwgDEAAYAhifARixAxiABDIKCAQQLhixAxiABDINCAUQABiDARixA
2026-07-19 03:39:42.526 | INFO     | event_processor.process_event:43 | Processed event link_clicked for session c7e91871-52fc-4235-9751-2ee0f44c2d74
2026-07-19 03:39:42.530 | INFO     | connection_manager.send_analyze_url:48 | Sent ANALYZE_URL to extension for session c7e91871-52fc-4235-9751-2ee0f44c2d74: auth.mygov.in/user/login
2026-07-19 03:39:45.732 | INFO     | event_processor.process_event:43 | Processed event app_opened for session c7e91871-52fc-4235-9751-2ee0f44c2d74
2026-07-19 03:39:46.312 | INFO     | event_processor.process_event:43 | Processed event app_opened for session c7e91871-52fc-4235-9751-2ee0f44c2d74
2026-07-19 03:39:47.297 | INFO     | risk.get_risk_score:100 | Risk assessment session_id=c7e91871-52fc-4235-9751-2ee0f44c2d74 selected_url=https://accounts.mgovcloud.in/signin?servicename=VirtualOffice&serviceurl=https%3A%2F%2Fmail.mgovcloud.in%2F final_score=47 confidence=80 level=MEDIUM
2026-07-19 03:39:51.855 | INFO     | event_processor.process_event:43 | Processed event app_opened for session c7e91871-52fc-4235-9751-2ee0f44c2d74
2026-07-19 03:39:52.472 | INFO     | event_processor.process_event:43 | Processed event app_opened for session c7e91871-52fc-4235-9751-2ee0f44c2d74
2026-07-19 03:39:53.296 | INFO     | event_processor.process_event:43 | Processed event app_opened for session c7e91871-52fc-4235-9751-2ee0f44c2d74
2026-07-19 03:39:53.311 | INFO     | event_processor.process_event:43 | Processed event app_opened for session c7e91871-52fc-4235-9751-2ee0f44c2d74
2026-07-19 03:39:53.529 | INFO     | event_processor.process_event:43 | Processed event link_clicked for session c7e91871-52fc-4235-9751-2ee0f44c2d74
2026-07-19 03:39:53.533 | INFO     | connection_manager.send_analyze_url:48 | Sent ANALYZE_URL to extension for session c7e91871-52fc-4235-9751-2ee0f44c2d74: google.com/search?q=gov.login&oq=gov&gs_lcrp=EgZjaHJvbWUqBggAEEUYOzIGCAAQRRg7MgYIARBFGDkyCggCEAAYsQMYgAQyDwgDEAAYAhifARixAxiABDIKCAQQLhixAxiABDINCAUQABiDARixA
2026-07-19 03:39:55.703 | INFO     | websocket_manager._persist_page_analysis:43 | Stored PAGE_ANALYSIS for session c7e91871-52fc-4235-9751-2ee0f44c2d74 (url=google.com/search?q=gov.login&oq=gov&gs_lcrp=EgZjaHJvbWUqBggAEEUYOzIGCAAQRRg7MgYIARBFGDkyCggCEAAYsQMYgAQyDwgDEAAYAhifARixAxiABDIKCAQQLhixAxiABDINCAUQABiDARixA)
2026-07-19 03:40:03.418 | INFO     | event_processor.process_event:43 | Processed event app_opened for session c7e91871-52fc-4235-9751-2ee0f44c2d74
2026-07-19 03:40:03.436 | INFO     | event_processor.process_event:43 | Processed event app_opened for session c7e91871-52fc-4235-9751-2ee0f44c2d74
2026-07-19 03:40:03.455 | INFO     | event_processor.process_event:43 | Processed event app_opened for session c7e91871-52fc-4235-9751-2ee0f44c2d74
2026-07-19 03:40:04.103 | INFO     | risk.get_risk_score:100 | Risk assessment session_id=c7e91871-52fc-4235-9751-2ee0f44c2d74 selected_url=https://www.google.com/search?q=gov.login&oq=gov&gs_lcrp=EgZjaHJvbWUqBggAEEUYOzIGCAAQRRg7MgYIARBFGDkyCggCEAAYsQMYgAQyDwgDEAAYAhifARixAxiABDIKCAQQLhixAxiABDINCAUQABiDARixA final_score=11 confidence=80 level=LOW
2026-07-19 03:40:07.750 | INFO     | websocket_manager._persist_page_analysis:43 | Stored PAGE_ANALYSIS for session c7e91871-52fc-4235-9751-2ee0f44c2d74 (url=auth.mygov.in/user/login)
2026-07-19 03:40:13.602 | INFO     | risk.get_risk_score:100 | Risk assessment session_id=c7e91871-52fc-4235-9751-2ee0f44c2d74 selected_url=https://auth.mygov.in/user/login final_score=29 confidence=80 level=LOW
2026-07-19 03:40:19.692 | INFO     | risk.get_risk_score:100 | Risk assessment session_id=c7e91871-52fc-4235-9751-2ee0f44c2d74 selected_url=https://auth.mygov.in/user/login final_score=29 confidence=80 level=LOW
2026-07-19 03:40:21.610 | INFO     | risk.get_risk_score:100 | Risk assessment session_id=c7e91871-52fc-4235-9751-2ee0f44c2d74 selected_url=https://auth.mygov.in/user/login final_score=29 confidence=80 level=LOW
2026-07-19 03:40:22.570 | INFO     | risk.get_risk_score:100 | Risk assessment session_id=c7e91871-52fc-4235-9751-2ee0f44c2d74 selected_url=https://auth.mygov.in/user/login final_score=29 confidence=80 level=LOW
2026-07-19 03:40:25.862 | INFO     | event_processor.process_event:43 | Processed event app_opened for session c7e91871-52fc-4235-9751-2ee0f44c2d74
2026-07-19 03:40:25.883 | INFO     | event_processor.process_event:43 | Processed event app_opened for session c7e91871-52fc-4235-9751-2ee0f44c2d74
2026-07-19 03:41:10.980 | INFO     | risk.get_risk_score:100 | Risk assessment session_id=c7e91871-52fc-4235-9751-2ee0f44c2d74 selected_url=https://auth.mygov.in/user/login final_score=29 confidence=80 level=LOW
2026-07-19 03:41:17.142 | INFO     | event_processor.process_event:43 | Processed event app_opened for session c7e91871-52fc-4235-9751-2ee0f44c2d74
2026-07-19 03:41:17.162 | INFO     | event_processor.process_event:43 | Processed event app_opened for session c7e91871-52fc-4235-9751-2ee0f44c2d74
2026-07-19 03:46:10.409 | INFO     | event_processor.process_event:43 | Processed event app_opened for session c7e91871-52fc-4235-9751-2ee0f44c2d74
2026-07-19 03:46:12.478 | INFO     | event_processor.process_event:43 | Processed event app_opened for session c7e91871-52fc-4235-9751-2ee0f44c2d74
2026-07-19 03:54:45.083 | INFO     | risk.get_risk_score:100 | Risk assessment session_id=c7e91871-52fc-4235-9751-2ee0f44c2d74 selected_url=https://auth.mygov.in/user/login final_score=29 confidence=80 level=LOW
2026-07-19 03:55:08.267 | INFO     | risk.get_risk_score:100 | Risk assessment session_id=c7e91871-52fc-4235-9751-2ee0f44c2d74 selected_url=https://auth.mygov.in/user/login final_score=29 confidence=80 level=LOW
2026-07-19 03:55:16.445 | INFO     | event_processor.process_event:43 | Processed event app_opened for session c7e91871-52fc-4235-9751-2ee0f44c2d74
2026-07-19 03:55:16.454 | INFO     | event_processor.process_event:43 | Processed event app_opened for session c7e91871-52fc-4235-9751-2ee0f44c2d74
2026-07-19 03:55:18.570 | INFO     | event_processor.process_event:43 | Processed event app_opened for session c7e91871-52fc-4235-9751-2ee0f44c2d74
2026-07-19 03:55:20.315 | INFO     | event_processor.process_event:43 | Processed event app_opened for session c7e91871-52fc-4235-9751-2ee0f44c2d74
2026-07-19 03:55:23.502 | INFO     | event_processor.process_event:43 | Processed event app_opened for session c7e91871-52fc-4235-9751-2ee0f44c2d74
2026-07-19 03:55:23.510 | INFO     | event_processor.process_event:43 | Processed event app_opened for session c7e91871-52fc-4235-9751-2ee0f44c2d74
2026-07-19 03:55:25.739 | INFO     | event_processor.process_event:43 | Processed event app_opened for session c7e91871-52fc-4235-9751-2ee0f44c2d74
2026-07-19 03:55:25.849 | INFO     | event_processor.process_event:43 | Processed event app_opened for session c7e91871-52fc-4235-9751-2ee0f44c2d74
2026-07-19 03:55:29.706 | INFO     | event_processor.process_event:43 | Processed event link_clicked for session c7e91871-52fc-4235-9751-2ee0f44c2d74
2026-07-19 03:55:29.711 | INFO     | connection_manager.send_analyze_url:48 | Sent ANALYZE_URL to extension for session c7e91871-52fc-4235-9751-2ee0f44c2d74: https://mail.gov.in
2026-07-19 03:55:29.721 | INFO     | event_processor.process_event:43 | Processed event link_clicked for session c7e91871-52fc-4235-9751-2ee0f44c2d74
2026-07-19 03:55:29.723 | INFO     | connection_manager.send_analyze_url:48 | Sent ANALYZE_URL to extension for session c7e91871-52fc-4235-9751-2ee0f44c2d74: https://auth.mygov.in
2026-07-19 03:55:30.684 | INFO     | event_processor.process_event:43 | Processed event link_clicked for session c7e91871-52fc-4235-9751-2ee0f44c2d74
2026-07-19 03:55:30.684 | INFO     | connection_manager.send_analyze_url:48 | Sent ANALYZE_URL to extension for session c7e91871-52fc-4235-9751-2ee0f44c2d74: https://apps.gov.in
2026-07-19 03:55:30.705 | INFO     | event_processor.process_event:43 | Processed event link_clicked for session c7e91871-52fc-4235-9751-2ee0f44c2d74
2026-07-19 03:55:30.714 | INFO     | connection_manager.send_analyze_url:48 | Sent ANALYZE_URL to extension for session c7e91871-52fc-4235-9751-2ee0f44c2d74: https://accounts.mgovcloud.in
2026-07-19 03:55:30.723 | INFO     | event_processor.process_event:43 | Processed event link_clicked for session c7e91871-52fc-4235-9751-2ee0f44c2d74
2026-07-19 03:55:30.743 | INFO     | event_processor.process_event:43 | Processed event link_clicked for session c7e91871-52fc-4235-9751-2ee0f44c2d74
2026-07-19 03:55:30.745 | INFO     | connection_manager.send_analyze_url:48 | Sent ANALYZE_URL to extension for session c7e91871-52fc-4235-9751-2ee0f44c2d74: https://www.login.gov
2026-07-19 03:55:30.751 | INFO     | event_processor.process_event:43 | Processed event link_clicked for session c7e91871-52fc-4235-9751-2ee0f44c2d74
2026-07-19 03:55:30.757 | INFO     | connection_manager.send_analyze_url:48 | Sent ANALYZE_URL to extension for session c7e91871-52fc-4235-9751-2ee0f44c2d74: https://india.gov.in
2026-07-19 03:55:30.761 | INFO     | connection_manager.send_analyze_url:48 | Sent ANALYZE_URL to extension for session c7e91871-52fc-4235-9751-2ee0f44c2d74: https://email.gov.in
2026-07-19 03:55:31.550 | INFO     | event_processor.process_event:43 | Processed event link_clicked for session c7e91871-52fc-4235-9751-2ee0f44c2d74
2026-07-19 03:55:31.556 | INFO     | connection_manager.send_analyze_url:48 | Sent ANALYZE_URL to extension for session c7e91871-52fc-4235-9751-2ee0f44c2d74: https://secure.mygov.in
2026-07-19 03:55:31.567 | INFO     | event_processor.process_event:43 | Processed event link_clicked for session c7e91871-52fc-4235-9751-2ee0f44c2d74
2026-07-19 03:55:31.570 | INFO     | connection_manager.send_analyze_url:48 | Sent ANALYZE_URL to extension for session c7e91871-52fc-4235-9751-2ee0f44c2d74: https://auth.mygov.in
2026-07-19 03:55:31.579 | INFO     | event_processor.process_event:43 | Processed event link_clicked for session c7e91871-52fc-4235-9751-2ee0f44c2d74
2026-07-19 03:55:31.581 | INFO     | connection_manager.send_analyze_url:48 | Sent ANALYZE_URL to extension for session c7e91871-52fc-4235-9751-2ee0f44c2d74: https://email.gov.in
2026-07-19 03:55:31.592 | INFO     | event_processor.process_event:43 | Processed event link_clicked for session c7e91871-52fc-4235-9751-2ee0f44c2d74
2026-07-19 03:55:31.597 | INFO     | connection_manager.send_analyze_url:48 | Sent ANALYZE_URL to extension for session c7e91871-52fc-4235-9751-2ee0f44c2d74: https://cloud.gov.in
2026-07-19 03:55:31.610 | INFO     | event_processor.process_event:43 | Processed event link_clicked for session c7e91871-52fc-4235-9751-2ee0f44c2d74
2026-07-19 03:55:31.612 | INFO     | connection_manager.send_analyze_url:48 | Sent ANALYZE_URL to extension for session c7e91871-52fc-4235-9751-2ee0f44c2d74: https://mail.gov.in
2026-07-19 03:55:31.657 | INFO     | event_processor.process_event:43 | Processed event link_clicked for session c7e91871-52fc-4235-9751-2ee0f44c2d74
2026-07-19 03:55:31.659 | INFO     | connection_manager.send_analyze_url:48 | Sent ANALYZE_URL to extension for session c7e91871-52fc-4235-9751-2ee0f44c2d74: https://www.login.gov
2026-07-19 03:55:31.667 | INFO     | event_processor.process_event:43 | Processed event link_clicked for session c7e91871-52fc-4235-9751-2ee0f44c2d74
2026-07-19 03:55:31.673 | INFO     | connection_manager.send_analyze_url:48 | Sent ANALYZE_URL to extension for session c7e91871-52fc-4235-9751-2ee0f44c2d74: https://accounts.mgovcloud.in
2026-07-19 03:55:31.684 | INFO     | event_processor.process_event:43 | Processed event link_clicked for session c7e91871-52fc-4235-9751-2ee0f44c2d74
2026-07-19 03:55:31.687 | INFO     | connection_manager.send_analyze_url:48 | Sent ANALYZE_URL to extension for session c7e91871-52fc-4235-9751-2ee0f44c2d74: https://apps.gov.in
2026-07-19 03:55:32.578 | INFO     | event_processor.process_event:43 | Processed event link_clicked for session c7e91871-52fc-4235-9751-2ee0f44c2d74
2026-07-19 03:55:32.581 | INFO     | connection_manager.send_analyze_url:48 | Sent ANALYZE_URL to extension for session c7e91871-52fc-4235-9751-2ee0f44c2d74: https://secure.mygov.in
2026-07-19 03:55:32.586 | INFO     | event_processor.process_event:43 | Processed event link_clicked for session c7e91871-52fc-4235-9751-2ee0f44c2d74
2026-07-19 03:55:32.591 | INFO     | connection_manager.send_analyze_url:48 | Sent ANALYZE_URL to extension for session c7e91871-52fc-4235-9751-2ee0f44c2d74: https://cloud.gov.in
2026-07-19 03:55:32.603 | INFO     | event_processor.process_event:43 | Processed event link_clicked for session c7e91871-52fc-4235-9751-2ee0f44c2d74
2026-07-19 03:55:32.611 | INFO     | connection_manager.send_analyze_url:48 | Sent ANALYZE_URL to extension for session c7e91871-52fc-4235-9751-2ee0f44c2d74: https://india.gov.in
2026-07-19 03:55:32.634 | INFO     | event_processor.process_event:43 | Processed event link_clicked for session c7e91871-52fc-4235-9751-2ee0f44c2d74
2026-07-19 03:55:32.636 | INFO     | connection_manager.send_analyze_url:48 | Sent ANALYZE_URL to extension for session c7e91871-52fc-4235-9751-2ee0f44c2d74: google.com/search?q=gov.login&oq=gov&gs_lcrp=EgZjaHJvbWUqBggAEEUYOzIGCAAQRRg7MgYIARBFGDkyCggCEAAYsQMYgAQyDwgDEAAYAhifARixAxiABDIKCAQQLhixAxiABDINCAUQABiDARixA
2026-07-19 03:55:43.105 | INFO     | websocket_manager._persist_page_analysis:43 | Stored PAGE_ANALYSIS for session c7e91871-52fc-4235-9751-2ee0f44c2d74 (url=https://mail.gov.in)
2026-07-19 03:55:52.106 | INFO     | websocket_manager._persist_page_analysis:43 | Stored PAGE_ANALYSIS for session c7e91871-52fc-4235-9751-2ee0f44c2d74 (url=https://auth.mygov.in)
2026-07-19 03:55:53.072 | INFO     | websocket_manager._persist_page_analysis:43 | Stored PAGE_ANALYSIS for session c7e91871-52fc-4235-9751-2ee0f44c2d74 (url=https://accounts.mgovcloud.in)
2026-07-19 03:56:02.937 | INFO     | event_processor.process_event:43 | Processed event app_opened for session c7e91871-52fc-4235-9751-2ee0f44c2d74
2026-07-19 03:56:03.111 | INFO     | event_processor.process_event:43 | Processed event app_opened for session c7e91871-52fc-4235-9751-2ee0f44c2d74
2026-07-19 03:56:03.985 | INFO     | risk.get_risk_score:100 | Risk assessment session_id=c7e91871-52fc-4235-9751-2ee0f44c2d74 selected_url=https://accounts.mgovcloud.in/ final_score=8 confidence=80 level=LOW
2026-07-19 03:56:13.431 | WARNING  | websocket_manager.websocket_endpoint:86 | Extension reported analysis error for session c7e91871-52fc-4235-9751-2ee0f44c2d74: Tab 97400816 load timed out after 30000ms
2026-07-19 03:56:15.429 | WARNING  | websocket_manager.websocket_endpoint:86 | Extension reported analysis error for session c7e91871-52fc-4235-9751-2ee0f44c2d74: Tab 97400822 navigation failed: net::ERR_NAME_NOT_RESOLVED
2026-07-19 03:56:18.367 | WARNING  | websocket_manager.websocket_endpoint:86 | Extension reported analysis error for session c7e91871-52fc-4235-9751-2ee0f44c2d74: Tab 97400824 navigation failed: net::ERR_NAME_NOT_RESOLVED
2026-07-19 03:56:23.157 | WARNING  | websocket_manager.websocket_endpoint:86 | Extension reported analysis error for session c7e91871-52fc-4235-9751-2ee0f44c2d74: Tab 97400820 load timed out after 30000ms
2026-07-19 03:56:49.609 | WARNING  | websocket_manager.websocket_endpoint:86 | Extension reported analysis error for session c7e91871-52fc-4235-9751-2ee0f44c2d74: Tab 97400826 load timed out after 30000ms
2026-07-19 03:56:50.758 | INFO     | websocket_manager._persist_page_analysis:43 | Stored PAGE_ANALYSIS for session c7e91871-52fc-4235-9751-2ee0f44c2d74 (url=https://cloud.gov.in)
2026-07-19 03:57:09.384 | INFO     | websocket_manager._persist_page_analysis:43 | Stored PAGE_ANALYSIS for session c7e91871-52fc-4235-9751-2ee0f44c2d74 (url=google.com/search?q=gov.login&oq=gov&gs_lcrp=EgZjaHJvbWUqBggAEEUYOzIGCAAQRRg7MgYIARBFGDkyCggCEAAYsQMYgAQyDwgDEAAYAhifARixAxiABDIKCAQQLhixAxiABDINCAUQABiDARixA)
2026-07-19 03:57:47.116 | INFO     | websocket_manager.websocket_endpoint:111 | WebSocket client disconnected
2026-07-19 03:57:47.118 | INFO     | websocket_manager.websocket_endpoint:111 | WebSocket client disconnected
2026-07-19 03:57:47.226 | INFO     | main.lifespan:35 | Shutting down application
2026-07-19 03:59:10.021 | INFO     | main.lifespan:25 | Starting application
2026-07-19 03:59:10.030 | INFO     | database.init_database:29 | Database initialized successfully
2026-07-19 03:59:10.031 | INFO     | main.lifespan:28 | Application startup completed
2026-07-19 03:59:11.638 | INFO     | websocket_manager.websocket_endpoint:49 | WebSocket client connected
2026-07-19 03:59:52.087 | INFO     | websocket_manager.websocket_endpoint:49 | WebSocket client connected
2026-07-19 04:20:49.375 | INFO     | websocket_manager.websocket_endpoint:111 | WebSocket client disconnected
2026-07-19 04:20:49.396 | INFO     | websocket_manager.websocket_endpoint:111 | WebSocket client disconnected
2026-07-19 04:20:49.470 | INFO     | main.lifespan:35 | Shutting down application
2026-07-19 04:20:52.986 | INFO     | main.lifespan:25 | Starting application
2026-07-19 04:20:52.991 | INFO     | database.init_database:29 | Database initialized successfully
2026-07-19 04:20:52.991 | INFO     | main.lifespan:28 | Application startup completed
2026-07-19 04:20:56.634 | INFO     | websocket_manager.websocket_endpoint:49 | WebSocket client connected
2026-07-19 04:21:01.943 | INFO     | websocket_manager.websocket_endpoint:49 | WebSocket client connected
2026-07-19 04:25:25.082 | INFO     | event_processor.process_event:43 | Processed event app_opened for session c7e91871-52fc-4235-9751-2ee0f44c2d74
2026-07-19 04:25:33.816 | INFO     | websocket_manager.websocket_endpoint:111 | WebSocket client disconnected
2026-07-19 04:25:33.817 | INFO     | websocket_manager.websocket_endpoint:111 | WebSocket client disconnected
2026-07-19 04:25:33.911 | INFO     | main.lifespan:35 | Shutting down application
2026-07-19 04:25:36.572 | INFO     | main.lifespan:25 | Starting application
2026-07-19 04:25:36.587 | INFO     | database.init_database:29 | Database initialized successfully
2026-07-19 04:25:36.589 | INFO     | main.lifespan:28 | Application startup completed
2026-07-19 04:25:41.620 | INFO     | websocket_manager.websocket_endpoint:49 | WebSocket client connected
2026-07-19 04:25:45.205 | INFO     | websocket_manager.websocket_endpoint:49 | WebSocket client connected
2026-07-19 04:25:52.311 | INFO     | event_processor.process_event:43 | Processed event app_opened for session c7e91871-52fc-4235-9751-2ee0f44c2d74
2026-07-19 04:25:52.957 | INFO     | event_processor.process_event:43 | Processed event app_opened for session c7e91871-52fc-4235-9751-2ee0f44c2d74
2026-07-19 04:25:54.466 | INFO     | event_processor.process_event:43 | Processed event app_opened for session c7e91871-52fc-4235-9751-2ee0f44c2d74
2026-07-19 04:25:55.746 | INFO     | event_processor.process_event:43 | Processed event app_opened for session c7e91871-52fc-4235-9751-2ee0f44c2d74
2026-07-19 04:25:58.348 | INFO     | event_processor.process_event:43 | Processed event link_clicked for session c7e91871-52fc-4235-9751-2ee0f44c2d74
2026-07-19 04:25:58.363 | INFO     | connection_manager.send_analyze_url:48 | Sent ANALYZE_URL to extension for session c7e91871-52fc-4235-9751-2ee0f44c2d74: qcguest-external.qualcomm.com/guest/aruba_wlan_selfregister_new_login.php?cmd=login&switchip=10.217.1.202&mac=92:7a:27:9a:a8:36&ip=10.92.73.18&essid=QGuest&apname=noi-b-wln-ap-12-cafa-1&apgroup=Event&url=http%3A%2F%2Fconnectivitycheck%2Egstatic%2Ecom%2Fgenerate_204&_browser=1
2026-07-19 04:25:58.408 | INFO     | event_processor.process_event:43 | Processed event link_clicked for session c7e91871-52fc-4235-9751-2ee0f44c2d74
2026-07-19 04:25:58.411 | INFO     | connection_manager.send_analyze_url:48 | Sent ANALYZE_URL to extension for session c7e91871-52fc-4235-9751-2ee0f44c2d74: qcguest-external.qualcomm.com/guest/aruba_wlan_selfregister_new_login.php?cmd=login&switchip=10.217.1.202&mac=92:7a:27:9a:a8:36&ip=10.92.73.18&essid=QGuest&apname=noi-b-wln-ap-12-cafa-1&apgroup=Event&url=http%3A%2F%2Fconnectivitycheck%2Egstatic%2Ecom%2Fgenerate_204
2026-07-19 04:25:58.426 | INFO     | event_processor.process_event:43 | Processed event link_clicked for session c7e91871-52fc-4235-9751-2ee0f44c2d74
2026-07-19 04:25:58.428 | INFO     | connection_manager.send_analyze_url:48 | Sent ANALYZE_URL to extension for session c7e91871-52fc-4235-9751-2ee0f44c2d74: https://qcguest-external.qualcomm.com/guest/aruba_wlan_selfregister_new_login.php?cmd=login&switchip=10.217.1.202&mac=92:7a:27:9a:a8:36&ip=10.92.73.18&essid=QGuest&apname=noi-b-wln-ap-12-cafa-1&apgroup=Event&url=http%3A%2F%2Fconnectivitycheck%2Egstatic%2Ecom%2Fgenerate_204&_browser=1
2026-07-19 04:25:58.441 | INFO     | event_processor.process_event:43 | Processed event link_clicked for session c7e91871-52fc-4235-9751-2ee0f44c2d74
2026-07-19 04:25:58.441 | INFO     | connection_manager.send_analyze_url:48 | Sent ANALYZE_URL to extension for session c7e91871-52fc-4235-9751-2ee0f44c2d74: https://qcguest-external.qualcomm.com/guest/aruba_wlan_selfregister_new_login.php?_browser=1
2026-07-19 04:25:58.456 | INFO     | event_processor.process_event:43 | Processed event link_clicked for session c7e91871-52fc-4235-9751-2ee0f44c2d74
2026-07-19 04:25:58.457 | INFO     | connection_manager.send_analyze_url:48 | Sent ANALYZE_URL to extension for session c7e91871-52fc-4235-9751-2ee0f44c2d74: https://qcguest-external.qualcomm.com/guest/aruba_wlan_selfregister_new_login.php?cmd=login&switchip=10.217.1.202&mac=92:7a:27:9a:a8:36&ip=10.92.73.18&essid=QGuest&apname=noi-b-wln-ap-12-cafa-1&apgroup=Event&url=http%3A%2F%2Fconnectivitycheck%2Egstatic%2Ecom%2Fgenerate_204
2026-07-19 04:25:58.473 | INFO     | event_processor.process_event:43 | Processed event link_clicked for session c7e91871-52fc-4235-9751-2ee0f44c2d74
2026-07-19 04:25:58.475 | INFO     | connection_manager.send_analyze_url:48 | Sent ANALYZE_URL to extension for session c7e91871-52fc-4235-9751-2ee0f44c2d74: qcguest-external.qualcomm.com/guest/aruba_wlan_selfregister_new_login.php?_browser=1
2026-07-19 04:25:59.113 | INFO     | event_processor.process_event:43 | Processed event link_clicked for session c7e91871-52fc-4235-9751-2ee0f44c2d74
2026-07-19 04:25:59.114 | INFO     | connection_manager.send_analyze_url:48 | Sent ANALYZE_URL to extension for session c7e91871-52fc-4235-9751-2ee0f44c2d74: https://github.com
2026-07-19 04:25:59.139 | INFO     | event_processor.process_event:43 | Processed event link_clicked for session c7e91871-52fc-4235-9751-2ee0f44c2d74
2026-07-19 04:25:59.144 | INFO     | event_processor.process_event:43 | Processed event link_clicked for session c7e91871-52fc-4235-9751-2ee0f44c2d74
2026-07-19 04:25:59.147 | INFO     | connection_manager.send_analyze_url:48 | Sent ANALYZE_URL to extension for session c7e91871-52fc-4235-9751-2ee0f44c2d74: https://mail.gov.in/biz/customlogin
2026-07-19 04:25:59.150 | INFO     | connection_manager.send_analyze_url:48 | Sent ANALYZE_URL to extension for session c7e91871-52fc-4235-9751-2ee0f44c2d74: connectivitycheck.gstatic.com/generate_204
2026-07-19 04:25:59.161 | INFO     | event_processor.process_event:43 | Processed event link_clicked for session c7e91871-52fc-4235-9751-2ee0f44c2d74
2026-07-19 04:25:59.166 | INFO     | connection_manager.send_analyze_url:48 | Sent ANALYZE_URL to extension for session c7e91871-52fc-4235-9751-2ee0f44c2d74: mail.gov.in/biz/customlogin
2026-07-19 04:25:59.177 | INFO     | event_processor.process_event:43 | Processed event link_clicked for session c7e91871-52fc-4235-9751-2ee0f44c2d74
2026-07-19 04:25:59.179 | INFO     | connection_manager.send_analyze_url:48 | Sent ANALYZE_URL to extension for session c7e91871-52fc-4235-9751-2ee0f44c2d74: https://mail.gov.in
2026-07-19 04:26:00.138 | INFO     | websocket_manager._persist_page_analysis:43 | Stored PAGE_ANALYSIS for session c7e91871-52fc-4235-9751-2ee0f44c2d74 (url=qcguest-external.qualcomm.com/guest/aruba_wlan_selfregister_new_login.php?cmd=login&switchip=10.217.1.202&mac=92:7a:27:9a:a8:36&ip=10.92.73.18&essid=QGuest&apname=noi-b-wln-ap-12-cafa-1&apgroup=Event&url=http%3A%2F%2Fconnectivitycheck%2Egstatic%2Ecom%2Fgenerate_204&_browser=1)
2026-07-19 04:26:00.532 | INFO     | websocket_manager._persist_page_analysis:43 | Stored PAGE_ANALYSIS for session c7e91871-52fc-4235-9751-2ee0f44c2d74 (url=qcguest-external.qualcomm.com/guest/aruba_wlan_selfregister_new_login.php?cmd=login&switchip=10.217.1.202&mac=92:7a:27:9a:a8:36&ip=10.92.73.18&essid=QGuest&apname=noi-b-wln-ap-12-cafa-1&apgroup=Event&url=http%3A%2F%2Fconnectivitycheck%2Egstatic%2Ecom%2Fgenerate_204)
2026-07-19 04:26:00.541 | INFO     | websocket_manager._persist_page_analysis:43 | Stored PAGE_ANALYSIS for session c7e91871-52fc-4235-9751-2ee0f44c2d74 (url=https://qcguest-external.qualcomm.com/guest/aruba_wlan_selfregister_new_login.php?cmd=login&switchip=10.217.1.202&mac=92:7a:27:9a:a8:36&ip=10.92.73.18&essid=QGuest&apname=noi-b-wln-ap-12-cafa-1&apgroup=Event&url=http%3A%2F%2Fconnectivitycheck%2Egstatic%2Ecom%2Fgenerate_204&_browser=1)
2026-07-19 04:26:01.198 | INFO     | event_processor.process_event:43 | Processed event link_clicked for session c7e91871-52fc-4235-9751-2ee0f44c2d74
2026-07-19 04:26:01.201 | INFO     | connection_manager.send_analyze_url:48 | Sent ANALYZE_URL to extension for session c7e91871-52fc-4235-9751-2ee0f44c2d74: https://github.com
2026-07-19 04:26:01.204 | INFO     | event_processor.process_event:43 | Processed event link_clicked for session c7e91871-52fc-4235-9751-2ee0f44c2d74
2026-07-19 04:26:01.209 | INFO     | connection_manager.send_analyze_url:48 | Sent ANALYZE_URL to extension for session c7e91871-52fc-4235-9751-2ee0f44c2d74: https://mail.gov.in/biz/customlogin
2026-07-19 04:26:01.218 | INFO     | event_processor.process_event:43 | Processed event link_clicked for session c7e91871-52fc-4235-9751-2ee0f44c2d74
2026-07-19 04:26:01.220 | INFO     | connection_manager.send_analyze_url:48 | Sent ANALYZE_URL to extension for session c7e91871-52fc-4235-9751-2ee0f44c2d74: connectivitycheck.gstatic.com/generate_204
2026-07-19 04:26:01.231 | INFO     | event_processor.process_event:43 | Processed event link_clicked for session c7e91871-52fc-4235-9751-2ee0f44c2d74
2026-07-19 04:26:01.232 | INFO     | connection_manager.send_analyze_url:48 | Sent ANALYZE_URL to extension for session c7e91871-52fc-4235-9751-2ee0f44c2d74: https://mail.gov.in
2026-07-19 04:26:01.247 | INFO     | event_processor.process_event:43 | Processed event link_clicked for session c7e91871-52fc-4235-9751-2ee0f44c2d74
2026-07-19 04:26:01.249 | INFO     | connection_manager.send_analyze_url:48 | Sent ANALYZE_URL to extension for session c7e91871-52fc-4235-9751-2ee0f44c2d74: mail.gov.in/biz/customlogin
2026-07-19 04:26:01.384 | INFO     | websocket_manager._persist_page_analysis:43 | Stored PAGE_ANALYSIS for session c7e91871-52fc-4235-9751-2ee0f44c2d74 (url=https://qcguest-external.qualcomm.com/guest/aruba_wlan_selfregister_new_login.php?_browser=1)
2026-07-19 04:26:02.288 | INFO     | websocket_manager._persist_page_analysis:43 | Stored PAGE_ANALYSIS for session c7e91871-52fc-4235-9751-2ee0f44c2d74 (url=qcguest-external.qualcomm.com/guest/aruba_wlan_selfregister_new_login.php?_browser=1)
2026-07-19 04:26:02.815 | INFO     | websocket_manager._persist_page_analysis:43 | Stored PAGE_ANALYSIS for session c7e91871-52fc-4235-9751-2ee0f44c2d74 (url=https://qcguest-external.qualcomm.com/guest/aruba_wlan_selfregister_new_login.php?cmd=login&switchip=10.217.1.202&mac=92:7a:27:9a:a8:36&ip=10.92.73.18&essid=QGuest&apname=noi-b-wln-ap-12-cafa-1&apgroup=Event&url=http%3A%2F%2Fconnectivitycheck%2Egstatic%2Ecom%2Fgenerate_204)
2026-07-19 04:26:02.826 | INFO     | event_processor.process_event:43 | Processed event app_opened for session c7e91871-52fc-4235-9751-2ee0f44c2d74
2026-07-19 04:26:02.916 | INFO     | event_processor.process_event:43 | Processed event app_opened for session c7e91871-52fc-4235-9751-2ee0f44c2d74
2026-07-19 04:26:03.884 | INFO     | websocket_manager._persist_page_analysis:43 | Stored PAGE_ANALYSIS for session c7e91871-52fc-4235-9751-2ee0f44c2d74 (url=https://mail.gov.in/biz/customlogin)
2026-07-19 04:26:04.030 | INFO     | websocket_manager._persist_page_analysis:43 | Stored PAGE_ANALYSIS for session c7e91871-52fc-4235-9751-2ee0f44c2d74 (url=https://github.com)
2026-07-19 04:26:04.222 | WARNING  | websocket_manager.websocket_endpoint:86 | Extension reported analysis error for session c7e91871-52fc-4235-9751-2ee0f44c2d74: Tab 97400854 navigation failed: net::ERR_ABORTED
2026-07-19 04:26:04.899 | INFO     | websocket_manager._persist_page_analysis:43 | Stored PAGE_ANALYSIS for session c7e91871-52fc-4235-9751-2ee0f44c2d74 (url=mail.gov.in/biz/customlogin)
2026-07-19 04:26:05.318 | INFO     | websocket_manager._persist_page_analysis:43 | Stored PAGE_ANALYSIS for session c7e91871-52fc-4235-9751-2ee0f44c2d74 (url=https://mail.gov.in)
2026-07-19 04:26:13.121 | INFO     | event_processor.process_event:43 | Processed event app_opened for session c7e91871-52fc-4235-9751-2ee0f44c2d74
2026-07-19 04:26:29.339 | INFO     | event_processor.process_event:43 | Processed event app_opened for session c7e91871-52fc-4235-9751-2ee0f44c2d74
2026-07-19 04:26:36.521 | INFO     | event_processor.process_event:43 | Processed event link_clicked for session c7e91871-52fc-4235-9751-2ee0f44c2d74
2026-07-19 04:26:36.524 | INFO     | connection_manager.send_analyze_url:48 | Sent ANALYZE_URL to extension for session c7e91871-52fc-4235-9751-2ee0f44c2d74: www.reddit.com
2026-07-19 04:26:36.694 | INFO     | event_processor.process_event:43 | Processed event app_opened for session c7e91871-52fc-4235-9751-2ee0f44c2d74
2026-07-19 04:26:36.975 | INFO     | websocket_manager._persist_page_analysis:43 | Stored PAGE_ANALYSIS for session c7e91871-52fc-4235-9751-2ee0f44c2d74 (url=www.reddit.com)
2026-07-19 04:26:37.782 | INFO     | event_processor.process_event:43 | Processed event link_clicked for session c7e91871-52fc-4235-9751-2ee0f44c2d74
2026-07-19 04:26:37.786 | INFO     | connection_manager.send_analyze_url:48 | Sent ANALYZE_URL to extension for session c7e91871-52fc-4235-9751-2ee0f44c2d74: google.com/search?q=chatgpt&oq=&gs_lcrp=EgZjaHJvbWUqCQgCEEUYOxjCAzIJCAAQRRg7GMIDMgkIARBFGDsYwgMyCQgCEEUYOxjCAzIJCAMQRRg7GMIDMgkIBBBFGDsYwgMyCQgFEEUYOxjCAzIJCA
2026-07-19 04:26:43.361 | INFO     | websocket_manager._persist_page_analysis:43 | Stored PAGE_ANALYSIS for session c7e91871-52fc-4235-9751-2ee0f44c2d74 (url=google.com/search?q=chatgpt&oq=&gs_lcrp=EgZjaHJvbWUqCQgCEEUYOxjCAzIJCAAQRRg7GMIDMgkIARBFGDsYwgMyCQgCEEUYOxjCAzIJCAMQRRg7GMIDMgkIBBBFGDsYwgMyCQgFEEUYOxjCAzIJCA)
2026-07-19 04:26:43.512 | INFO     | event_processor.process_event:43 | Processed event app_opened for session c7e91871-52fc-4235-9751-2ee0f44c2d74
2026-07-19 04:26:46.704 | INFO     | event_processor.process_event:43 | Processed event link_clicked for session c7e91871-52fc-4235-9751-2ee0f44c2d74
2026-07-19 04:26:46.705 | INFO     | connection_manager.send_analyze_url:48 | Sent ANALYZE_URL to extension for session c7e91871-52fc-4235-9751-2ee0f44c2d74: www.reddit.com
2026-07-19 04:26:46.908 | INFO     | event_processor.process_event:43 | Processed event app_opened for session c7e91871-52fc-4235-9751-2ee0f44c2d74
2026-07-19 04:26:46.952 | INFO     | websocket_manager._persist_page_analysis:43 | Stored PAGE_ANALYSIS for session c7e91871-52fc-4235-9751-2ee0f44c2d74 (url=www.reddit.com)
2026-07-19 04:26:47.688 | INFO     | event_processor.process_event:43 | Processed event link_clicked for session c7e91871-52fc-4235-9751-2ee0f44c2d74
2026-07-19 04:26:47.695 | INFO     | connection_manager.send_analyze_url:48 | Sent ANALYZE_URL to extension for session c7e91871-52fc-4235-9751-2ee0f44c2d74: google.com/search?q=kisskh.ovh&oq=&gs_lcrp=EgZjaHJvbWUqCQgGEEUYOxjCAzIJCAAQRRg7GMIDMgkIARBFGDsYwgMyCQgCEEUYOxjCAzIJCAMQRRg7GMIDMgkIBBBFGDsYwgMyCQgFEEUYOxjCAzI
2026-07-19 04:26:49.088 | INFO     | websocket_manager._persist_page_analysis:43 | Stored PAGE_ANALYSIS for session c7e91871-52fc-4235-9751-2ee0f44c2d74 (url=google.com/search?q=kisskh.ovh&oq=&gs_lcrp=EgZjaHJvbWUqCQgGEEUYOxjCAzIJCAAQRRg7GMIDMgkIARBFGDsYwgMyCQgCEEUYOxjCAzIJCAMQRRg7GMIDMgkIBBBFGDsYwgMyCQgFEEUYOxjCAzI)
2026-07-19 04:27:04.252 | INFO     | event_processor.process_event:43 | Processed event link_clicked for session c7e91871-52fc-4235-9751-2ee0f44c2d74
2026-07-19 04:27:04.254 | INFO     | connection_manager.send_analyze_url:48 | Sent ANALYZE_URL to extension for session c7e91871-52fc-4235-9751-2ee0f44c2d74: kisskh.ovh/Drama/Overdo?id=10990
2026-07-19 04:27:04.937 | INFO     | event_processor.process_event:43 | Processed event app_opened for session c7e91871-52fc-4235-9751-2ee0f44c2d74
2026-07-19 04:27:05.541 | INFO     | event_processor.process_event:43 | Processed event app_opened for session c7e91871-52fc-4235-9751-2ee0f44c2d74
2026-07-19 04:27:05.551 | INFO     | event_processor.process_event:43 | Processed event app_opened for session c7e91871-52fc-4235-9751-2ee0f44c2d74
2026-07-19 04:27:06.194 | INFO     | event_processor.process_event:43 | Processed event app_opened for session c7e91871-52fc-4235-9751-2ee0f44c2d74
2026-07-19 04:27:06.813 | INFO     | websocket_manager._persist_page_analysis:43 | Stored PAGE_ANALYSIS for session c7e91871-52fc-4235-9751-2ee0f44c2d74 (url=kisskh.ovh/Drama/Overdo?id=10990)
2026-07-19 04:27:08.992 | INFO     | risk.get_risk_score:100 | Risk assessment session_id=c7e91871-52fc-4235-9751-2ee0f44c2d74 selected_url=https://kisskh.ovh/Drama/Overdo?id=10990 final_score=8 confidence=80 level=LOW
2026-07-19 04:28:25.528 | INFO     | event_processor.process_event:43 | Processed event app_opened for session c7e91871-52fc-4235-9751-2ee0f44c2d74
2026-07-19 04:29:21.302 | INFO     | risk.get_risk_score:100 | Risk assessment session_id=c7e91871-52fc-4235-9751-2ee0f44c2d74 selected_url=https://kisskh.ovh/Drama/Overdo?id=10990 final_score=8 confidence=80 level=LOW
2026-07-19 04:43:22.100 | INFO     | risk.get_risk_score:100 | Risk assessment session_id=c7e91871-52fc-4235-9751-2ee0f44c2d74 selected_url=https://kisskh.ovh/Drama/Overdo?id=10990 final_score=8 confidence=80 level=LOW
2026-07-19 04:54:14.774 | INFO     | event_processor.process_event:43 | Processed event app_opened for session c7e91871-52fc-4235-9751-2ee0f44c2d74
2026-07-19 04:54:15.144 | INFO     | event_processor.process_event:43 | Processed event app_opened for session c7e91871-52fc-4235-9751-2ee0f44c2d74
2026-07-19 04:54:17.180 | INFO     | event_processor.process_event:43 | Processed event app_opened for session c7e91871-52fc-4235-9751-2ee0f44c2d74
2026-07-19 04:54:17.348 | INFO     | event_processor.process_event:43 | Processed event app_opened for session c7e91871-52fc-4235-9751-2ee0f44c2d74
2026-07-19 04:54:19.844 | INFO     | event_processor.process_event:43 | Processed event app_opened for session c7e91871-52fc-4235-9751-2ee0f44c2d74
2026-07-19 04:54:20.838 | INFO     | event_processor.process_event:43 | Processed event link_clicked for session c7e91871-52fc-4235-9751-2ee0f44c2d74
2026-07-19 04:54:20.838 | INFO     | connection_manager.send_analyze_url:48 | Sent ANALYZE_URL to extension for session c7e91871-52fc-4235-9751-2ee0f44c2d74: google.com/search?q=yomovies&oq=&gs_lcrp=EgZjaHJvbWUqCQgFEEUYOxjCAzIJCAAQRRg7GMIDMgkIARBFGDsYwgMyCQgCEEUYOxjCAzIJCAMQRRg7GMIDMgkIBBBFGDsYwgMyCQgFEEUYOxjCAzIJC
2026-07-19 04:54:23.512 | INFO     | websocket_manager._persist_page_analysis:43 | Stored PAGE_ANALYSIS for session c7e91871-52fc-4235-9751-2ee0f44c2d74 (url=google.com/search?q=yomovies&oq=&gs_lcrp=EgZjaHJvbWUqCQgFEEUYOxjCAzIJCAAQRRg7GMIDMgkIARBFGDsYwgMyCQgCEEUYOxjCAzIJCAMQRRg7GMIDMgkIBBBFGDsYwgMyCQgFEEUYOxjCAzIJC)
2026-07-19 04:54:24.393 | INFO     | event_processor.process_event:43 | Processed event app_opened for session c7e91871-52fc-4235-9751-2ee0f44c2d74
2026-07-19 04:54:24.823 | INFO     | event_processor.process_event:43 | Processed event app_opened for session c7e91871-52fc-4235-9751-2ee0f44c2d74
2026-07-19 04:54:24.835 | INFO     | event_processor.process_event:43 | Processed event app_opened for session c7e91871-52fc-4235-9751-2ee0f44c2d74
2026-07-19 04:54:26.150 | INFO     | risk.get_risk_score:100 | Risk assessment session_id=c7e91871-52fc-4235-9751-2ee0f44c2d74 selected_url=https://www.google.com/search?q=yomovies&oq=&gs_lcrp=EgZjaHJvbWUqCQgFEEUYOxjCAzIJCAAQRRg7GMIDMgkIARBFGDsYwgMyCQgCEEUYOxjCAzIJCAMQRRg7GMIDMgkIBBBFGDsYwgMyCQgFEEUYOxjCAzIJC final_score=10 confidence=80 level=LOW
2026-07-19 04:54:27.326 | INFO     | event_processor.process_event:43 | Processed event app_opened for session c7e91871-52fc-4235-9751-2ee0f44c2d74
2026-07-19 04:54:27.789 | INFO     | event_processor.process_event:43 | Processed event app_opened for session c7e91871-52fc-4235-9751-2ee0f44c2d74
2026-07-19 04:54:27.891 | INFO     | event_processor.process_event:43 | Processed event app_opened for session c7e91871-52fc-4235-9751-2ee0f44c2d74
2026-07-19 04:54:28.045 | INFO     | event_processor.process_event:43 | Processed event app_opened for session c7e91871-52fc-4235-9751-2ee0f44c2d74
2026-07-19 04:54:28.054 | INFO     | event_processor.process_event:43 | Processed event app_opened for session c7e91871-52fc-4235-9751-2ee0f44c2d74
2026-07-19 04:54:28.873 | INFO     | event_processor.process_event:43 | Processed event app_opened for session c7e91871-52fc-4235-9751-2ee0f44c2d74
2026-07-19 04:54:40.256 | INFO     | event_processor.process_event:43 | Processed event app_opened for session c7e91871-52fc-4235-9751-2ee0f44c2d74
2026-07-19 04:54:40.271 | INFO     | event_processor.process_event:43 | Processed event link_clicked for session c7e91871-52fc-4235-9751-2ee0f44c2d74
2026-07-19 04:54:40.275 | INFO     | connection_manager.send_analyze_url:48 | Sent ANALYZE_URL to extension for session c7e91871-52fc-4235-9751-2ee0f44c2d74: google.com/search?q=gov.login&oq=govt.log&gs_lcrp=EgZjaHJvbWUqCwgCEAAYChgLGIAEMgYIABBFGDkyBwgBEAAYgAQyCwgCEAAYChgLGIAEMgsIAxAAGAoYCxiABDILCAQQABgKGAsYgATSAQox
2026-07-19 04:54:40.390 | INFO     | event_processor.process_event:43 | Processed event app_opened for session c7e91871-52fc-4235-9751-2ee0f44c2d74
2026-07-19 04:54:42.319 | INFO     | websocket_manager._persist_page_analysis:43 | Stored PAGE_ANALYSIS for session c7e91871-52fc-4235-9751-2ee0f44c2d74 (url=google.com/search?q=gov.login&oq=govt.log&gs_lcrp=EgZjaHJvbWUqCwgCEAAYChgLGIAEMgYIABBFGDkyBwgBEAAYgAQyCwgCEAAYChgLGIAEMgsIAxAAGAoYCxiABDILCAQQABgKGAsYgATSAQox)
2026-07-19 04:54:43.579 | INFO     | event_processor.process_event:43 | Processed event link_clicked for session c7e91871-52fc-4235-9751-2ee0f44c2d74
2026-07-19 04:54:43.581 | INFO     | connection_manager.send_analyze_url:48 | Sent ANALYZE_URL to extension for session c7e91871-52fc-4235-9751-2ee0f44c2d74: accounts.mgovcloud.in/signin?servicename=VirtualOffice&serviceurl=https%3A%2F%2Fmail.mgovcloud.in%2F
2026-07-19 04:54:44.642 | INFO     | websocket_manager._persist_page_analysis:43 | Stored PAGE_ANALYSIS for session c7e91871-52fc-4235-9751-2ee0f44c2d74 (url=accounts.mgovcloud.in/signin?servicename=VirtualOffice&serviceurl=https%3A%2F%2Fmail.mgovcloud.in%2F)
2026-07-19 04:54:46.140 | INFO     | event_processor.process_event:43 | Processed event app_opened for session c7e91871-52fc-4235-9751-2ee0f44c2d74
2026-07-19 04:54:46.175 | INFO     | event_processor.process_event:43 | Processed event app_opened for session c7e91871-52fc-4235-9751-2ee0f44c2d74
2026-07-19 04:54:46.666 | INFO     | event_processor.process_event:43 | Processed event app_opened for session c7e91871-52fc-4235-9751-2ee0f44c2d74
2026-07-19 04:54:47.314 | INFO     | risk.get_risk_score:100 | Risk assessment session_id=c7e91871-52fc-4235-9751-2ee0f44c2d74 selected_url=https://accounts.mgovcloud.in/signin?servicename=VirtualOffice&serviceurl=https%3A%2F%2Fmail.mgovcloud.in%2F final_score=46 confidence=80 level=MEDIUM
2026-07-19 04:54:52.418 | INFO     | event_processor.process_event:43 | Processed event app_opened for session c7e91871-52fc-4235-9751-2ee0f44c2d74
2026-07-19 04:54:53.107 | INFO     | event_processor.process_event:43 | Processed event app_opened for session c7e91871-52fc-4235-9751-2ee0f44c2d74
2026-07-19 04:54:53.974 | INFO     | event_processor.process_event:43 | Processed event app_opened for session c7e91871-52fc-4235-9751-2ee0f44c2d74
2026-07-19 04:54:54.156 | INFO     | event_processor.process_event:43 | Processed event app_opened for session c7e91871-52fc-4235-9751-2ee0f44c2d74
2026-07-19 04:54:56.308 | INFO     | event_processor.process_event:43 | Processed event link_clicked for session c7e91871-52fc-4235-9751-2ee0f44c2d74
2026-07-19 04:54:56.309 | INFO     | connection_manager.send_analyze_url:48 | Sent ANALYZE_URL to extension for session c7e91871-52fc-4235-9751-2ee0f44c2d74: www.reddit.com
2026-07-19 04:54:56.323 | INFO     | event_processor.process_event:43 | Processed event app_opened for session c7e91871-52fc-4235-9751-2ee0f44c2d74
2026-07-19 04:54:57.015 | INFO     | websocket_manager._persist_page_analysis:43 | Stored PAGE_ANALYSIS for session c7e91871-52fc-4235-9751-2ee0f44c2d74 (url=www.reddit.com)
2026-07-19 04:54:57.934 | INFO     | event_processor.process_event:43 | Processed event link_clicked for session c7e91871-52fc-4235-9751-2ee0f44c2d74
2026-07-19 04:54:57.934 | INFO     | connection_manager.send_analyze_url:48 | Sent ANALYZE_URL to extension for session c7e91871-52fc-4235-9751-2ee0f44c2d74: accounts.mgovcloud.in/signin?servicename=VirtualOffice&serviceurl=https%3A%2F%2Fmail.mgovcloud.in%2F
2026-07-19 04:54:57.951 | INFO     | event_processor.process_event:43 | Processed event link_clicked for session c7e91871-52fc-4235-9751-2ee0f44c2d74
2026-07-19 04:54:57.955 | INFO     | connection_manager.send_analyze_url:48 | Sent ANALYZE_URL to extension for session c7e91871-52fc-4235-9751-2ee0f44c2d74: www.reddit.com
2026-07-19 04:54:58.534 | INFO     | websocket_manager._persist_page_analysis:43 | Stored PAGE_ANALYSIS for session c7e91871-52fc-4235-9751-2ee0f44c2d74 (url=www.reddit.com)
2026-07-19 04:54:58.759 | INFO     | event_processor.process_event:43 | Processed event link_clicked for session c7e91871-52fc-4235-9751-2ee0f44c2d74
2026-07-19 04:54:58.761 | INFO     | connection_manager.send_analyze_url:48 | Sent ANALYZE_URL to extension for session c7e91871-52fc-4235-9751-2ee0f44c2d74: https://mail.gov.in/biz/customlogin
2026-07-19 04:54:58.771 | INFO     | event_processor.process_event:43 | Processed event link_clicked for session c7e91871-52fc-4235-9751-2ee0f44c2d74
2026-07-19 04:54:58.772 | INFO     | connection_manager.send_analyze_url:48 | Sent ANALYZE_URL to extension for session c7e91871-52fc-4235-9751-2ee0f44c2d74: https://mail.gov.in
2026-07-19 04:54:58.775 | INFO     | event_processor.process_event:43 | Processed event link_clicked for session c7e91871-52fc-4235-9751-2ee0f44c2d74
2026-07-19 04:54:58.777 | INFO     | connection_manager.send_analyze_url:48 | Sent ANALYZE_URL to extension for session c7e91871-52fc-4235-9751-2ee0f44c2d74: mail.gov.in/biz/customlogin
2026-07-19 04:54:58.791 | INFO     | event_processor.process_event:43 | Processed event link_clicked for session c7e91871-52fc-4235-9751-2ee0f44c2d74
2026-07-19 04:54:58.793 | INFO     | connection_manager.send_analyze_url:48 | Sent ANALYZE_URL to extension for session c7e91871-52fc-4235-9751-2ee0f44c2d74: https://www.login.gov
2026-07-19 04:54:59.191 | INFO     | websocket_manager._persist_page_analysis:43 | Stored PAGE_ANALYSIS for session c7e91871-52fc-4235-9751-2ee0f44c2d74 (url=accounts.mgovcloud.in/signin?servicename=VirtualOffice&serviceurl=https%3A%2F%2Fmail.mgovcloud.in%2F)
2026-07-19 04:55:00.216 | INFO     | websocket_manager._persist_page_analysis:43 | Stored PAGE_ANALYSIS for session c7e91871-52fc-4235-9751-2ee0f44c2d74 (url=https://mail.gov.in/biz/customlogin)
2026-07-19 04:55:00.807 | INFO     | event_processor.process_event:43 | Processed event link_clicked for session c7e91871-52fc-4235-9751-2ee0f44c2d74
2026-07-19 04:55:00.807 | INFO     | connection_manager.send_analyze_url:48 | Sent ANALYZE_URL to extension for session c7e91871-52fc-4235-9751-2ee0f44c2d74: accounts.mgovcloud.in/signin?servicename=VirtualOffice&serviceurl=https%3A%2F%2Fmail.mgovcloud.in%2F
2026-07-19 04:55:00.818 | INFO     | event_processor.process_event:43 | Processed event link_clicked for session c7e91871-52fc-4235-9751-2ee0f44c2d74
2026-07-19 04:55:00.819 | INFO     | connection_manager.send_analyze_url:48 | Sent ANALYZE_URL to extension for session c7e91871-52fc-4235-9751-2ee0f44c2d74: www.reddit.com
2026-07-19 04:55:01.267 | INFO     | websocket_manager._persist_page_analysis:43 | Stored PAGE_ANALYSIS for session c7e91871-52fc-4235-9751-2ee0f44c2d74 (url=https://mail.gov.in)
2026-07-19 04:55:01.499 | INFO     | websocket_manager._persist_page_analysis:43 | Stored PAGE_ANALYSIS for session c7e91871-52fc-4235-9751-2ee0f44c2d74 (url=mail.gov.in/biz/customlogin)
2026-07-19 04:55:02.383 | INFO     | websocket_manager._persist_page_analysis:43 | Stored PAGE_ANALYSIS for session c7e91871-52fc-4235-9751-2ee0f44c2d74 (url=accounts.mgovcloud.in/signin?servicename=VirtualOffice&serviceurl=https%3A%2F%2Fmail.mgovcloud.in%2F)
2026-07-19 04:55:02.777 | INFO     | websocket_manager._persist_page_analysis:43 | Stored PAGE_ANALYSIS for session c7e91871-52fc-4235-9751-2ee0f44c2d74 (url=www.reddit.com)
2026-07-19 04:55:31.432 | WARNING  | websocket_manager.websocket_endpoint:86 | Extension reported analysis error for session c7e91871-52fc-4235-9751-2ee0f44c2d74: Tab 97400889 load timed out after 30000ms
2026-07-19 04:56:08.285 | INFO     | event_processor.process_event:43 | Processed event link_clicked for session c7e91871-52fc-4235-9751-2ee0f44c2d74
2026-07-19 04:56:08.288 | INFO     | connection_manager.send_analyze_url:48 | Sent ANALYZE_URL to extension for session c7e91871-52fc-4235-9751-2ee0f44c2d74: https://dsc.gg/btechtards
2026-07-19 04:56:08.320 | INFO     | event_processor.process_event:43 | Processed event link_clicked for session c7e91871-52fc-4235-9751-2ee0f44c2d74
2026-07-19 04:56:08.334 | INFO     | event_processor.process_event:43 | Processed event link_clicked for session c7e91871-52fc-4235-9751-2ee0f44c2d74
2026-07-19 04:56:08.336 | INFO     | connection_manager.send_analyze_url:48 | Sent ANALYZE_URL to extension for session c7e91871-52fc-4235-9751-2ee0f44c2d74: https://i.redd.it/yami-gautam-and-kartik-aryan-win-national-awards-for-v0-1mowegegizdh1.jpeg?s=2502234f7f64449ce2b6249d9b26b2f9ef822468
2026-07-19 04:56:08.353 | INFO     | connection_manager.send_analyze_url:48 | Sent ANALYZE_URL to extension for session c7e91871-52fc-4235-9751-2ee0f44c2d74: https://www.tsn.ca/soccer/fifa-world-cup/video/2026/07/17/the-english-team-doesnt-want-to-play-we-do-not-either-deschamps-on-third-place-match/
2026-07-19 04:56:08.437 | INFO     | event_processor.process_event:43 | Processed event link_clicked for session c7e91871-52fc-4235-9751-2ee0f44c2d74
2026-07-19 04:56:08.439 | INFO     | connection_manager.send_analyze_url:48 | Sent ANALYZE_URL to extension for session c7e91871-52fc-4235-9751-2ee0f44c2d74: https://en.wikipedia.org/wiki/Margot_Frank
2026-07-19 04:56:08.465 | INFO     | event_processor.process_event:43 | Processed event link_clicked for session c7e91871-52fc-4235-9751-2ee0f44c2d74
2026-07-19 04:56:08.474 | INFO     | connection_manager.send_analyze_url:48 | Sent ANALYZE_URL to extension for session c7e91871-52fc-4235-9751-2ee0f44c2d74: https://www.whas11.com/video/news/local/beshear-says-agencies-told-him-mcconnell-had-passed/417-f78603c3-11bb-464d-bae6-c41c3be3c48b
2026-07-19 04:56:09.805 | INFO     | websocket_manager._persist_page_analysis:43 | Stored PAGE_ANALYSIS for session c7e91871-52fc-4235-9751-2ee0f44c2d74 (url=https://i.redd.it/yami-gautam-and-kartik-aryan-win-national-awards-for-v0-1mowegegizdh1.jpeg?s=2502234f7f64449ce2b6249d9b26b2f9ef822468)
2026-07-19 04:56:14.960 | INFO     | event_processor.process_event:43 | Processed event app_opened for session c7e91871-52fc-4235-9751-2ee0f44c2d74
2026-07-19 04:56:14.982 | INFO     | event_processor.process_event:43 | Processed event app_opened for session c7e91871-52fc-4235-9751-2ee0f44c2d74
2026-07-19 04:56:15.670 | INFO     | event_processor.process_event:43 | Processed event app_opened for session c7e91871-52fc-4235-9751-2ee0f44c2d74
2026-07-19 04:56:16.468 | INFO     | risk.get_risk_score:100 | Risk assessment session_id=c7e91871-52fc-4235-9751-2ee0f44c2d74 selected_url=https://www.reddit.com/media?url=https%3A%2F%2Fi.redd.it%2Fyami-gautam-and-kartik-aryan-win-national-awards-for-v0-1mowegegizdh1.jpeg%3Fs%3D2502234f7f64449ce2b6249d9b26b2f9ef822468 final_score=12 confidence=80 level=LOW
2026-07-19 04:56:18.344 | INFO     | websocket_manager._persist_page_analysis:43 | Stored PAGE_ANALYSIS for session c7e91871-52fc-4235-9751-2ee0f44c2d74 (url=https://dsc.gg/btechtards)
2026-07-19 04:56:20.979 | INFO     | websocket_manager._persist_page_analysis:43 | Stored PAGE_ANALYSIS for session c7e91871-52fc-4235-9751-2ee0f44c2d74 (url=https://en.wikipedia.org/wiki/Margot_Frank)
2026-07-19 04:56:24.629 | INFO     | websocket_manager._persist_page_analysis:43 | Stored PAGE_ANALYSIS for session c7e91871-52fc-4235-9751-2ee0f44c2d74 (url=https://www.whas11.com/video/news/local/beshear-says-agencies-told-him-mcconnell-had-passed/417-f78603c3-11bb-464d-bae6-c41c3be3c48b)
2026-07-19 04:56:38.813 | INFO     | event_processor.process_event:43 | Processed event app_opened for session c7e91871-52fc-4235-9751-2ee0f44c2d74
2026-07-19 04:56:39.280 | INFO     | event_processor.process_event:43 | Processed event app_opened for session c7e91871-52fc-4235-9751-2ee0f44c2d74
2026-07-19 04:56:40.046 | WARNING  | websocket_manager.websocket_endpoint:86 | Extension reported analysis error for session c7e91871-52fc-4235-9751-2ee0f44c2d74: Tab 97400899 load timed out after 30000ms
2026-07-19 04:56:41.374 | INFO     | event_processor.process_event:43 | Processed event app_opened for session c7e91871-52fc-4235-9751-2ee0f44c2d74
2026-07-19 04:56:41.531 | INFO     | event_processor.process_event:43 | Processed event app_opened for session c7e91871-52fc-4235-9751-2ee0f44c2d74
2026-07-19 04:56:42.231 | INFO     | event_processor.process_event:43 | Processed event link_clicked for session c7e91871-52fc-4235-9751-2ee0f44c2d74
2026-07-19 04:56:42.234 | INFO     | connection_manager.send_analyze_url:48 | Sent ANALYZE_URL to extension for session c7e91871-52fc-4235-9751-2ee0f44c2d74: www.reddit.com
2026-07-19 04:56:42.249 | INFO     | event_processor.process_event:43 | Processed event app_opened for session c7e91871-52fc-4235-9751-2ee0f44c2d74
2026-07-19 04:56:42.694 | INFO     | websocket_manager._persist_page_analysis:43 | Stored PAGE_ANALYSIS for session c7e91871-52fc-4235-9751-2ee0f44c2d74 (url=www.reddit.com)
2026-07-19 04:56:44.740 | INFO     | event_processor.process_event:43 | Processed event app_opened for session c7e91871-52fc-4235-9751-2ee0f44c2d74
2026-07-19 04:56:47.429 | INFO     | event_processor.process_event:43 | Processed event app_opened for session c7e91871-52fc-4235-9751-2ee0f44c2d74
2026-07-19 04:57:16.645 | INFO     | event_processor.process_event:43 | Processed event link_clicked for session c7e91871-52fc-4235-9751-2ee0f44c2d74
2026-07-19 04:57:16.650 | INFO     | event_processor.process_event:43 | Processed event link_clicked for session c7e91871-52fc-4235-9751-2ee0f44c2d74
2026-07-19 04:57:16.653 | INFO     | connection_manager.send_analyze_url:48 | Sent ANALYZE_URL to extension for session c7e91871-52fc-4235-9751-2ee0f44c2d74: https://dsc.gg/btechtards
2026-07-19 04:57:16.655 | INFO     | connection_manager.send_analyze_url:48 | Sent ANALYZE_URL to extension for session c7e91871-52fc-4235-9751-2ee0f44c2d74: https://i.redd.it/yami-gautam-and-kartik-aryan-win-national-awards-for-v0-1mowegegizdh1.jpeg?s=2502234f7f64449ce2b6249d9b26b2f9ef822468
2026-07-19 04:57:16.672 | INFO     | event_processor.process_event:43 | Processed event link_clicked for session c7e91871-52fc-4235-9751-2ee0f44c2d74
2026-07-19 04:57:16.674 | INFO     | connection_manager.send_analyze_url:48 | Sent ANALYZE_URL to extension for session c7e91871-52fc-4235-9751-2ee0f44c2d74: https://www.tsn.ca/soccer/fifa-world-cup/video/2026/07/17/the-english-team-doesnt-want-to-play-we-do-not-either-deschamps-on-third-place-match/
2026-07-19 04:57:16.825 | INFO     | event_processor.process_event:43 | Processed event link_clicked for session c7e91871-52fc-4235-9751-2ee0f44c2d74
2026-07-19 04:57:16.830 | INFO     | connection_manager.send_analyze_url:48 | Sent ANALYZE_URL to extension for session c7e91871-52fc-4235-9751-2ee0f44c2d74: https://en.wikipedia.org/wiki/Margot_Frank
2026-07-19 04:57:16.886 | INFO     | event_processor.process_event:43 | Processed event link_clicked for session c7e91871-52fc-4235-9751-2ee0f44c2d74
2026-07-19 04:57:16.896 | INFO     | connection_manager.send_analyze_url:48 | Sent ANALYZE_URL to extension for session c7e91871-52fc-4235-9751-2ee0f44c2d74: https://www.whas11.com/video/news/local/beshear-says-agencies-told-him-mcconnell-had-passed/417-f78603c3-11bb-464d-bae6-c41c3be3c48b
2026-07-19 04:57:17.409 | INFO     | websocket_manager._persist_page_analysis:43 | Stored PAGE_ANALYSIS for session c7e91871-52fc-4235-9751-2ee0f44c2d74 (url=https://i.redd.it/yami-gautam-and-kartik-aryan-win-national-awards-for-v0-1mowegegizdh1.jpeg?s=2502234f7f64449ce2b6249d9b26b2f9ef822468)
2026-07-19 04:57:18.893 | INFO     | websocket_manager._persist_page_analysis:43 | Stored PAGE_ANALYSIS for session c7e91871-52fc-4235-9751-2ee0f44c2d74 (url=https://dsc.gg/btechtards)
2026-07-19 04:57:19.616 | INFO     | websocket_manager._persist_page_analysis:43 | Stored PAGE_ANALYSIS for session c7e91871-52fc-4235-9751-2ee0f44c2d74 (url=https://en.wikipedia.org/wiki/Margot_Frank)
2026-07-19 04:57:20.316 | INFO     | websocket_manager._persist_page_analysis:43 | Stored PAGE_ANALYSIS for session c7e91871-52fc-4235-9751-2ee0f44c2d74 (url=https://www.whas11.com/video/news/local/beshear-says-agencies-told-him-mcconnell-had-passed/417-f78603c3-11bb-464d-bae6-c41c3be3c48b)
2026-07-19 04:57:26.947 | INFO     | event_processor.process_event:43 | Processed event app_opened for session c7e91871-52fc-4235-9751-2ee0f44c2d74
2026-07-19 04:57:26.963 | INFO     | event_processor.process_event:43 | Processed event app_opened for session c7e91871-52fc-4235-9751-2ee0f44c2d74
2026-07-19 04:57:27.512 | INFO     | event_processor.process_event:43 | Processed event app_opened for session c7e91871-52fc-4235-9751-2ee0f44c2d74
2026-07-19 04:57:28.115 | INFO     | risk.get_risk_score:100 | Risk assessment session_id=c7e91871-52fc-4235-9751-2ee0f44c2d74 selected_url=https://www.whas11.com/video/news/local/beshear-says-agencies-told-him-mcconnell-had-passed/417-f78603c3-11bb-464d-bae6-c41c3be3c48b final_score=12 confidence=80 level=LOW
2026-07-19 04:57:28.932 | INFO     | risk.get_risk_score:100 | Risk assessment session_id=c7e91871-52fc-4235-9751-2ee0f44c2d74 selected_url=https://www.whas11.com/video/news/local/beshear-says-agencies-told-him-mcconnell-had-passed/417-f78603c3-11bb-464d-bae6-c41c3be3c48b final_score=12 confidence=80 level=LOW
2026-07-19 04:57:29.203 | INFO     | event_processor.process_event:43 | Processed event app_opened for session c7e91871-52fc-4235-9751-2ee0f44c2d74
2026-07-19 04:57:29.635 | INFO     | event_processor.process_event:43 | Processed event app_opened for session c7e91871-52fc-4235-9751-2ee0f44c2d74
2026-07-19 04:57:29.745 | INFO     | event_processor.process_event:43 | Processed event app_opened for session c7e91871-52fc-4235-9751-2ee0f44c2d74
2026-07-19 04:57:29.908 | INFO     | event_processor.process_event:43 | Processed event app_opened for session c7e91871-52fc-4235-9751-2ee0f44c2d74
2026-07-19 04:57:29.931 | INFO     | event_processor.process_event:43 | Processed event app_opened for session c7e91871-52fc-4235-9751-2ee0f44c2d74
2026-07-19 04:57:31.481 | INFO     | event_processor.process_event:43 | Processed event link_clicked for session c7e91871-52fc-4235-9751-2ee0f44c2d74
2026-07-19 04:57:31.488 | INFO     | connection_manager.send_analyze_url:48 | Sent ANALYZE_URL to extension for session c7e91871-52fc-4235-9751-2ee0f44c2d74: replit.com/referral-code/2lw1r1uan6sc?source=badge&referrer=https%3A%2F%2Fguard-flo-demo--chhvi068.replit.app
2026-07-19 04:57:33.655 | INFO     | event_processor.process_event:43 | Processed event link_clicked for session c7e91871-52fc-4235-9751-2ee0f44c2d74
2026-07-19 04:57:33.661 | INFO     | connection_manager.send_analyze_url:48 | Sent ANALYZE_URL to extension for session c7e91871-52fc-4235-9751-2ee0f44c2d74: replit.com/signup?referral_code=2lw1r1uan6sc&utm_medium=referral&utm_source=made_with_replit_badge&source=badge
2026-07-19 04:57:37.984 | INFO     | websocket_manager._persist_page_analysis:43 | Stored PAGE_ANALYSIS for session c7e91871-52fc-4235-9751-2ee0f44c2d74 (url=replit.com/referral-code/2lw1r1uan6sc?source=badge&referrer=https%3A%2F%2Fguard-flo-demo--chhvi068.replit.app)
2026-07-19 04:57:38.208 | INFO     | event_processor.process_event:43 | Processed event link_clicked for session c7e91871-52fc-4235-9751-2ee0f44c2d74
2026-07-19 04:57:38.210 | INFO     | connection_manager.send_analyze_url:48 | Sent ANALYZE_URL to extension for session c7e91871-52fc-4235-9751-2ee0f44c2d74: replit.com/signup?referral_code=2lw1r1uan6sc&utm_medium=referral&utm_source=made_with_replit_badge&source=badge&redirecting=1
2026-07-19 04:57:38.455 | INFO     | websocket_manager._persist_page_analysis:43 | Stored PAGE_ANALYSIS for session c7e91871-52fc-4235-9751-2ee0f44c2d74 (url=https://www.tsn.ca/soccer/fifa-world-cup/video/2026/07/17/the-english-team-doesnt-want-to-play-we-do-not-either-deschamps-on-third-place-match/)
2026-07-19 04:57:39.452 | INFO     | websocket_manager._persist_page_analysis:43 | Stored PAGE_ANALYSIS for session c7e91871-52fc-4235-9751-2ee0f44c2d74 (url=replit.com/signup?referral_code=2lw1r1uan6sc&utm_medium=referral&utm_source=made_with_replit_badge&source=badge&redirecting=1)
2026-07-19 04:57:39.562 | INFO     | websocket_manager._persist_page_analysis:43 | Stored PAGE_ANALYSIS for session c7e91871-52fc-4235-9751-2ee0f44c2d74 (url=replit.com/signup?referral_code=2lw1r1uan6sc&utm_medium=referral&utm_source=made_with_replit_badge&source=badge)
2026-07-19 04:57:40.309 | INFO     | event_processor.process_event:43 | Processed event link_clicked for session c7e91871-52fc-4235-9751-2ee0f44c2d74
2026-07-19 04:57:40.311 | INFO     | connection_manager.send_analyze_url:48 | Sent ANALYZE_URL to extension for session c7e91871-52fc-4235-9751-2ee0f44c2d74: replit.com/__/auth/handler?apiKey=AIzaSyARAzVTWc_KOBojIholLo2wzwNOQ6VKcB8&appName=%5BDEFAULT%5D&authType=signInViaRedirect&redirectUrl=https%3A%2F%2Freplit.co
2026-07-19 04:57:41.737 | INFO     | websocket_manager._persist_page_analysis:43 | Stored PAGE_ANALYSIS for session c7e91871-52fc-4235-9751-2ee0f44c2d74 (url=replit.com/__/auth/handler?apiKey=AIzaSyARAzVTWc_KOBojIholLo2wzwNOQ6VKcB8&appName=%5BDEFAULT%5D&authType=signInViaRedirect&redirectUrl=https%3A%2F%2Freplit.co)
2026-07-19 04:57:43.207 | INFO     | event_processor.process_event:43 | Processed event link_clicked for session c7e91871-52fc-4235-9751-2ee0f44c2d74
2026-07-19 04:57:43.210 | INFO     | connection_manager.send_analyze_url:48 | Sent ANALYZE_URL to extension for session c7e91871-52fc-4235-9751-2ee0f44c2d74: accounts.google.com/v3/signin/identifier?opparams=%253Fcontext_uri%253Dhttps%25253A%25252F%25252Freplit.com&dsh=S-853390618%3A1784417262937666&client_id=55133
2026-07-19 04:57:43.333 | INFO     | event_processor.process_event:43 | Processed event app_opened for session c7e91871-52fc-4235-9751-2ee0f44c2d74
2026-07-19 04:57:44.042 | INFO     | websocket_manager._persist_page_analysis:43 | Stored PAGE_ANALYSIS for session c7e91871-52fc-4235-9751-2ee0f44c2d74 (url=accounts.google.com/v3/signin/identifier?opparams=%253Fcontext_uri%253Dhttps%25253A%25252F%25252Freplit.com&dsh=S-853390618%3A1784417262937666&client_id=55133)
2026-07-19 04:57:46.492 | INFO     | event_processor.process_event:43 | Processed event app_opened for session c7e91871-52fc-4235-9751-2ee0f44c2d74
2026-07-19 04:57:47.340 | INFO     | event_processor.process_event:43 | Processed event app_opened for session c7e91871-52fc-4235-9751-2ee0f44c2d74
2026-07-19 04:57:52.642 | INFO     | event_processor.process_event:43 | Processed event app_opened for session c7e91871-52fc-4235-9751-2ee0f44c2d74
2026-07-19 04:57:54.170 | INFO     | event_processor.process_event:43 | Processed event app_opened for session c7e91871-52fc-4235-9751-2ee0f44c2d74
2026-07-19 04:57:54.186 | INFO     | event_processor.process_event:43 | Processed event app_opened for session c7e91871-52fc-4235-9751-2ee0f44c2d74
2026-07-19 04:57:54.667 | INFO     | event_processor.process_event:43 | Processed event app_opened for session c7e91871-52fc-4235-9751-2ee0f44c2d74
2026-07-19 04:57:55.428 | INFO     | risk.get_risk_score:100 | Risk assessment session_id=c7e91871-52fc-4235-9751-2ee0f44c2d74 selected_url=https://accounts.google.com/v3/signin/identifier?opparams=%253Fcontext_uri%253Dhttps%25253A%25252F%25252Freplit.com&dsh=S-853390618%3A1784417262937666&client_id=55133 final_score=12 confidence=80 level=LOW
2026-07-19 04:57:56.216 | INFO     | risk.get_risk_score:100 | Risk assessment session_id=c7e91871-52fc-4235-9751-2ee0f44c2d74 selected_url=https://accounts.google.com/v3/signin/identifier?opparams=%253Fcontext_uri%253Dhttps%25253A%25252F%25252Freplit.com&dsh=S-853390618%3A1784417262937666&client_id=55133 final_score=12 confidence=80 level=LOW
2026-07-19 04:57:56.770 | INFO     | event_processor.process_event:43 | Processed event app_opened for session c7e91871-52fc-4235-9751-2ee0f44c2d74
2026-07-19 04:57:57.202 | INFO     | event_processor.process_event:43 | Processed event app_opened for session c7e91871-52fc-4235-9751-2ee0f44c2d74
2026-07-19 04:57:57.314 | INFO     | event_processor.process_event:43 | Processed event app_opened for session c7e91871-52fc-4235-9751-2ee0f44c2d74
2026-07-19 04:57:57.496 | INFO     | event_processor.process_event:43 | Processed event app_opened for session c7e91871-52fc-4235-9751-2ee0f44c2d74
2026-07-19 04:57:57.505 | INFO     | event_processor.process_event:43 | Processed event app_opened for session c7e91871-52fc-4235-9751-2ee0f44c2d74
2026-07-19 04:57:57.534 | INFO     | event_processor.process_event:43 | Processed event app_opened for session c7e91871-52fc-4235-9751-2ee0f44c2d74
2026-07-19 04:57:59.350 | INFO     | event_processor.process_event:43 | Processed event app_opened for session c7e91871-52fc-4235-9751-2ee0f44c2d74
2026-07-19 04:57:59.363 | INFO     | event_processor.process_event:43 | Processed event app_opened for session c7e91871-52fc-4235-9751-2ee0f44c2d74
2026-07-19 04:58:02.202 | INFO     | event_processor.process_event:43 | Processed event link_clicked for session c7e91871-52fc-4235-9751-2ee0f44c2d74
2026-07-19 04:58:02.205 | INFO     | connection_manager.send_analyze_url:48 | Sent ANALYZE_URL to extension for session c7e91871-52fc-4235-9751-2ee0f44c2d74: replit.com/signup?referral_code=2lw1r1uan6sc&utm_medium=referral&utm_source=made_with_replit_badge&source=badge&redirecting=1
2026-07-19 04:58:02.391 | INFO     | event_processor.process_event:43 | Processed event app_opened for session c7e91871-52fc-4235-9751-2ee0f44c2d74
2026-07-19 04:58:03.227 | INFO     | event_processor.process_event:43 | Processed event link_clicked for session c7e91871-52fc-4235-9751-2ee0f44c2d74
2026-07-19 04:58:03.229 | INFO     | connection_manager.send_analyze_url:48 | Sent ANALYZE_URL to extension for session c7e91871-52fc-4235-9751-2ee0f44c2d74: replit.com/signup?referral_code=2lw1r1uan6sc&utm_medium=referral&utm_source=made_with_replit_badge&source=badge
2026-07-19 04:58:03.762 | INFO     | websocket_manager._persist_page_analysis:43 | Stored PAGE_ANALYSIS for session c7e91871-52fc-4235-9751-2ee0f44c2d74 (url=replit.com/signup?referral_code=2lw1r1uan6sc&utm_medium=referral&utm_source=made_with_replit_badge&source=badge&redirecting=1)
2026-07-19 04:58:04.394 | INFO     | websocket_manager._persist_page_analysis:43 | Stored PAGE_ANALYSIS for session c7e91871-52fc-4235-9751-2ee0f44c2d74 (url=replit.com/signup?referral_code=2lw1r1uan6sc&utm_medium=referral&utm_source=made_with_replit_badge&source=badge)
2026-07-19 04:58:04.462 | INFO     | event_processor.process_event:43 | Processed event link_clicked for session c7e91871-52fc-4235-9751-2ee0f44c2d74
2026-07-19 04:58:04.464 | INFO     | connection_manager.send_analyze_url:48 | Sent ANALYZE_URL to extension for session c7e91871-52fc-4235-9751-2ee0f44c2d74: www.reddit.com
2026-07-19 04:58:04.472 | INFO     | event_processor.process_event:43 | Processed event app_opened for session c7e91871-52fc-4235-9751-2ee0f44c2d74
2026-07-19 04:58:04.477 | INFO     | event_processor.process_event:43 | Processed event app_opened for session c7e91871-52fc-4235-9751-2ee0f44c2d74
2026-07-19 04:58:04.849 | INFO     | websocket_manager._persist_page_analysis:43 | Stored PAGE_ANALYSIS for session c7e91871-52fc-4235-9751-2ee0f44c2d74 (url=www.reddit.com)
2026-07-19 04:58:06.032 | INFO     | event_processor.process_event:43 | Processed event link_clicked for session c7e91871-52fc-4235-9751-2ee0f44c2d74
2026-07-19 04:58:06.034 | INFO     | connection_manager.send_analyze_url:48 | Sent ANALYZE_URL to extension for session c7e91871-52fc-4235-9751-2ee0f44c2d74: www.reddit.com
2026-07-19 04:58:06.047 | INFO     | event_processor.process_event:43 | Processed event link_clicked for session c7e91871-52fc-4235-9751-2ee0f44c2d74
2026-07-19 04:58:06.050 | INFO     | connection_manager.send_analyze_url:48 | Sent ANALYZE_URL to extension for session c7e91871-52fc-4235-9751-2ee0f44c2d74: replit.com/signup?referral_code=2lw1r1uan6sc&utm_medium=referral&utm_source=made_with_replit_badge&source=badge
2026-07-19 04:58:06.548 | INFO     | websocket_manager._persist_page_analysis:43 | Stored PAGE_ANALYSIS for session c7e91871-52fc-4235-9751-2ee0f44c2d74 (url=www.reddit.com)
2026-07-19 04:58:07.253 | INFO     | websocket_manager._persist_page_analysis:43 | Stored PAGE_ANALYSIS for session c7e91871-52fc-4235-9751-2ee0f44c2d74 (url=replit.com/signup?referral_code=2lw1r1uan6sc&utm_medium=referral&utm_source=made_with_replit_badge&source=badge)
2026-07-19 04:58:13.861 | INFO     | event_processor.process_event:43 | Processed event app_opened for session c7e91871-52fc-4235-9751-2ee0f44c2d74
2026-07-19 04:58:14.885 | INFO     | event_processor.process_event:43 | Processed event app_opened for session c7e91871-52fc-4235-9751-2ee0f44c2d74
2026-07-19 04:58:14.892 | INFO     | event_processor.process_event:43 | Processed event app_opened for session c7e91871-52fc-4235-9751-2ee0f44c2d74
2026-07-19 04:58:15.336 | INFO     | event_processor.process_event:43 | Processed event app_opened for session c7e91871-52fc-4235-9751-2ee0f44c2d74
2026-07-19 04:58:15.411 | INFO     | event_processor.process_event:43 | Processed event app_opened for session c7e91871-52fc-4235-9751-2ee0f44c2d74
2026-07-19 04:58:15.446 | INFO     | event_processor.process_event:43 | Processed event app_opened for session c7e91871-52fc-4235-9751-2ee0f44c2d74
2026-07-19 04:58:16.054 | INFO     | risk.get_risk_score:100 | Risk assessment session_id=c7e91871-52fc-4235-9751-2ee0f44c2d74 selected_url=https://replit.com/signup?referral_code=2lw1r1uan6sc&utm_medium=referral&utm_source=made_with_replit_badge&source=badge final_score=12 confidence=80 level=LOW
2026-07-19 04:58:16.671 | INFO     | event_processor.process_event:43 | Processed event app_opened for session c7e91871-52fc-4235-9751-2ee0f44c2d74
2026-07-19 04:58:17.191 | INFO     | event_processor.process_event:43 | Processed event app_opened for session c7e91871-52fc-4235-9751-2ee0f44c2d74
2026-07-19 04:58:17.278 | INFO     | event_processor.process_event:43 | Processed event app_opened for session c7e91871-52fc-4235-9751-2ee0f44c2d74
2026-07-19 04:58:17.453 | INFO     | event_processor.process_event:43 | Processed event app_opened for session c7e91871-52fc-4235-9751-2ee0f44c2d74
2026-07-19 04:58:17.460 | INFO     | event_processor.process_event:43 | Processed event app_opened for session c7e91871-52fc-4235-9751-2ee0f44c2d74
2026-07-19 04:58:17.897 | INFO     | event_processor.process_event:43 | Processed event app_opened for session c7e91871-52fc-4235-9751-2ee0f44c2d74
2026-07-19 04:58:17.910 | INFO     | event_processor.process_event:43 | Processed event app_opened for session c7e91871-52fc-4235-9751-2ee0f44c2d74
2026-07-19 04:58:20.402 | INFO     | event_processor.process_event:43 | Processed event link_clicked for session c7e91871-52fc-4235-9751-2ee0f44c2d74
2026-07-19 04:58:20.402 | INFO     | connection_manager.send_analyze_url:48 | Sent ANALYZE_URL to extension for session c7e91871-52fc-4235-9751-2ee0f44c2d74: https://mail.gov.in/biz/customlogin
2026-07-19 04:58:20.421 | INFO     | event_processor.process_event:43 | Processed event link_clicked for session c7e91871-52fc-4235-9751-2ee0f44c2d74
2026-07-19 04:58:20.426 | INFO     | connection_manager.send_analyze_url:48 | Sent ANALYZE_URL to extension for session c7e91871-52fc-4235-9751-2ee0f44c2d74: https://www.login.gov
2026-07-19 04:58:20.443 | INFO     | event_processor.process_event:43 | Processed event link_clicked for session c7e91871-52fc-4235-9751-2ee0f44c2d74
2026-07-19 04:58:20.451 | INFO     | event_processor.process_event:43 | Processed event link_clicked for session c7e91871-52fc-4235-9751-2ee0f44c2d74
2026-07-19 04:58:20.453 | INFO     | connection_manager.send_analyze_url:48 | Sent ANALYZE_URL to extension for session c7e91871-52fc-4235-9751-2ee0f44c2d74: https://mail.gov.in
2026-07-19 04:58:20.460 | INFO     | connection_manager.send_analyze_url:48 | Sent ANALYZE_URL to extension for session c7e91871-52fc-4235-9751-2ee0f44c2d74: mail.gov.in/biz/customlogin
2026-07-19 04:58:22.021 | INFO     | event_processor.process_event:43 | Processed event link_clicked for session c7e91871-52fc-4235-9751-2ee0f44c2d74
2026-07-19 04:58:22.024 | INFO     | connection_manager.send_analyze_url:48 | Sent ANALYZE_URL to extension for session c7e91871-52fc-4235-9751-2ee0f44c2d74: google.com/search?q=gov.login&oq=gov&gs_lcrp=EgZjaHJvbWUqBggAEEUYOzIGCAAQRRg7MgYIARBFGDkyDAgCEAAYQxiABBiKBTIKCAMQABixAxiABDIKCAQQLhixAxiABDIGCAUQRRg8MgYIBhBFG
2026-07-19 04:58:22.255 | INFO     | websocket_manager._persist_page_analysis:43 | Stored PAGE_ANALYSIS for session c7e91871-52fc-4235-9751-2ee0f44c2d74 (url=https://mail.gov.in/biz/customlogin)
2026-07-19 04:58:23.003 | INFO     | event_processor.process_event:43 | Processed event app_opened for session c7e91871-52fc-4235-9751-2ee0f44c2d74
2026-07-19 04:58:23.701 | INFO     | websocket_manager._persist_page_analysis:43 | Stored PAGE_ANALYSIS for session c7e91871-52fc-4235-9751-2ee0f44c2d74 (url=https://mail.gov.in)
2026-07-19 04:58:24.602 | INFO     | websocket_manager._persist_page_analysis:43 | Stored PAGE_ANALYSIS for session c7e91871-52fc-4235-9751-2ee0f44c2d74 (url=mail.gov.in/biz/customlogin)
2026-07-19 04:58:25.755 | INFO     | event_processor.process_event:43 | Processed event link_clicked for session c7e91871-52fc-4235-9751-2ee0f44c2d74
2026-07-19 04:58:25.758 | INFO     | connection_manager.send_analyze_url:48 | Sent ANALYZE_URL to extension for session c7e91871-52fc-4235-9751-2ee0f44c2d74: pgportal.gov.in/signin
2026-07-19 04:58:26.457 | INFO     | websocket_manager._persist_page_analysis:43 | Stored PAGE_ANALYSIS for session c7e91871-52fc-4235-9751-2ee0f44c2d74 (url=google.com/search?q=gov.login&oq=gov&gs_lcrp=EgZjaHJvbWUqBggAEEUYOzIGCAAQRRg7MgYIARBFGDkyDAgCEAAYQxiABBiKBTIKCAMQABixAxiABDIKCAQQLhixAxiABDIGCAUQRRg8MgYIBhBFG)
2026-07-19 04:58:28.034 | INFO     | event_processor.process_event:43 | Processed event app_opened for session c7e91871-52fc-4235-9751-2ee0f44c2d74
2026-07-19 04:58:28.048 | INFO     | event_processor.process_event:43 | Processed event app_opened for session c7e91871-52fc-4235-9751-2ee0f44c2d74
2026-07-19 04:58:28.488 | INFO     | event_processor.process_event:43 | Processed event app_opened for session c7e91871-52fc-4235-9751-2ee0f44c2d74
2026-07-19 04:58:28.584 | INFO     | event_processor.process_event:43 | Processed event app_opened for session c7e91871-52fc-4235-9751-2ee0f44c2d74
2026-07-19 04:58:28.598 | INFO     | event_processor.process_event:43 | Processed event app_opened for session c7e91871-52fc-4235-9751-2ee0f44c2d74
2026-07-19 04:58:29.085 | INFO     | event_processor.process_event:43 | Processed event app_opened for session c7e91871-52fc-4235-9751-2ee0f44c2d74
2026-07-19 04:58:29.768 | INFO     | event_processor.process_event:43 | Processed event app_opened for session c7e91871-52fc-4235-9751-2ee0f44c2d74
2026-07-19 04:58:30.800 | INFO     | risk.get_risk_score:100 | Risk assessment session_id=c7e91871-52fc-4235-9751-2ee0f44c2d74 selected_url=https://www.google.com/search?q=gov.login&oq=gov&gs_lcrp=EgZjaHJvbWUqBggAEEUYOzIGCAAQRRg7MgYIARBFGDkyDAgCEAAYQxiABBiKBTIKCAMQABixAxiABDIKCAQQLhixAxiABDIGCAUQRRg8MgYIBhBFG final_score=16 confidence=80 level=LOW
2026-07-19 04:58:32.396 | INFO     | event_processor.process_event:43 | Processed event app_opened for session c7e91871-52fc-4235-9751-2ee0f44c2d74
2026-07-19 04:58:32.692 | INFO     | websocket_manager._persist_page_analysis:43 | Stored PAGE_ANALYSIS for session c7e91871-52fc-4235-9751-2ee0f44c2d74 (url=pgportal.gov.in/signin)
2026-07-19 04:58:32.851 | INFO     | event_processor.process_event:43 | Processed event app_opened for session c7e91871-52fc-4235-9751-2ee0f44c2d74
2026-07-19 04:58:32.945 | INFO     | event_processor.process_event:43 | Processed event app_opened for session c7e91871-52fc-4235-9751-2ee0f44c2d74
2026-07-19 04:58:33.146 | INFO     | event_processor.process_event:43 | Processed event app_opened for session c7e91871-52fc-4235-9751-2ee0f44c2d74
2026-07-19 04:58:33.170 | INFO     | event_processor.process_event:43 | Processed event app_opened for session c7e91871-52fc-4235-9751-2ee0f44c2d74
2026-07-19 04:58:35.776 | INFO     | event_processor.process_event:43 | Processed event app_opened for session c7e91871-52fc-4235-9751-2ee0f44c2d74
2026-07-19 04:58:35.796 | INFO     | event_processor.process_event:43 | Processed event link_clicked for session c7e91871-52fc-4235-9751-2ee0f44c2d74
2026-07-19 04:58:35.797 | INFO     | connection_manager.send_analyze_url:48 | Sent ANALYZE_URL to extension for session c7e91871-52fc-4235-9751-2ee0f44c2d74: www.reddit.com
2026-07-19 04:58:35.816 | INFO     | event_processor.process_event:43 | Processed event app_opened for session c7e91871-52fc-4235-9751-2ee0f44c2d74
2026-07-19 04:58:36.341 | INFO     | websocket_manager._persist_page_analysis:43 | Stored PAGE_ANALYSIS for session c7e91871-52fc-4235-9751-2ee0f44c2d74 (url=www.reddit.com)
2026-07-19 04:58:36.730 | INFO     | event_processor.process_event:43 | Processed event link_clicked for session c7e91871-52fc-4235-9751-2ee0f44c2d74
2026-07-19 04:58:36.732 | INFO     | connection_manager.send_analyze_url:48 | Sent ANALYZE_URL to extension for session c7e91871-52fc-4235-9751-2ee0f44c2d74: www.reddit.com
2026-07-19 04:58:36.745 | INFO     | event_processor.process_event:43 | Processed event link_clicked for session c7e91871-52fc-4235-9751-2ee0f44c2d74
2026-07-19 04:58:36.747 | INFO     | connection_manager.send_analyze_url:48 | Sent ANALYZE_URL to extension for session c7e91871-52fc-4235-9751-2ee0f44c2d74: pgportal.gov.in/signin
2026-07-19 04:58:37.257 | INFO     | websocket_manager._persist_page_analysis:43 | Stored PAGE_ANALYSIS for session c7e91871-52fc-4235-9751-2ee0f44c2d74 (url=www.reddit.com)
2026-07-19 04:58:39.868 | INFO     | websocket_manager._persist_page_analysis:43 | Stored PAGE_ANALYSIS for session c7e91871-52fc-4235-9751-2ee0f44c2d74 (url=pgportal.gov.in/signin)
2026-07-19 04:58:43.864 | INFO     | event_processor.process_event:43 | Processed event link_clicked for session c7e91871-52fc-4235-9751-2ee0f44c2d74
2026-07-19 04:58:43.864 | INFO     | connection_manager.send_analyze_url:48 | Sent ANALYZE_URL to extension for session c7e91871-52fc-4235-9751-2ee0f44c2d74: google.com/search?q=swagger.in&oq=swagger.in&gs_lcrp=EgZjaHJvbWUyBggAEEUYOjIGCAEQRRg5MgcIAhAAGIAEMgYIAxAAGB4yBggEEAAYHtIBCDY1NDlqMGo0qAIBsAIB&client=ms-androi
2026-07-19 04:58:44.259 | INFO     | event_processor.process_event:43 | Processed event app_opened for session c7e91871-52fc-4235-9751-2ee0f44c2d74
2026-07-19 04:58:45.436 | INFO     | event_processor.process_event:43 | Processed event link_clicked for session c7e91871-52fc-4235-9751-2ee0f44c2d74
2026-07-19 04:58:45.436 | INFO     | connection_manager.send_analyze_url:48 | Sent ANALYZE_URL to extension for session c7e91871-52fc-4235-9751-2ee0f44c2d74: https://swagger.io
2026-07-19 04:58:46.341 | INFO     | websocket_manager._persist_page_analysis:43 | Stored PAGE_ANALYSIS for session c7e91871-52fc-4235-9751-2ee0f44c2d74 (url=google.com/search?q=swagger.in&oq=swagger.in&gs_lcrp=EgZjaHJvbWUyBggAEEUYOjIGCAEQRRg5MgcIAhAAGIAEMgYIAxAAGB4yBggEEAAYHtIBCDY1NDlqMGo0qAIBsAIB&client=ms-androi)
2026-07-19 04:58:47.135 | INFO     | event_processor.process_event:43 | Processed event app_opened for session c7e91871-52fc-4235-9751-2ee0f44c2d74
2026-07-19 04:58:47.156 | INFO     | event_processor.process_event:43 | Processed event app_opened for session c7e91871-52fc-4235-9751-2ee0f44c2d74
2026-07-19 04:58:47.577 | INFO     | event_processor.process_event:43 | Processed event app_opened for session c7e91871-52fc-4235-9751-2ee0f44c2d74
2026-07-19 04:58:47.655 | INFO     | event_processor.process_event:43 | Processed event app_opened for session c7e91871-52fc-4235-9751-2ee0f44c2d74
2026-07-19 04:58:47.672 | INFO     | event_processor.process_event:43 | Processed event app_opened for session c7e91871-52fc-4235-9751-2ee0f44c2d74
2026-07-19 04:58:48.342 | INFO     | risk.get_risk_score:100 | Risk assessment session_id=c7e91871-52fc-4235-9751-2ee0f44c2d74 selected_url=https://www.google.com/search?q=swagger.in&oq=swagger.in&gs_lcrp=EgZjaHJvbWUyBggAEEUYOjIGCAEQRRg5MgcIAhAAGIAEMgYIAxAAGB4yBggEEAAYHtIBCDY1NDlqMGo0qAIBsAIB&client=ms-androi final_score=16 confidence=80 level=LOW
2026-07-19 04:58:48.898 | INFO     | event_processor.process_event:43 | Processed event app_opened for session c7e91871-52fc-4235-9751-2ee0f44c2d74
2026-07-19 04:58:49.319 | INFO     | event_processor.process_event:43 | Processed event app_opened for session c7e91871-52fc-4235-9751-2ee0f44c2d74
2026-07-19 04:58:49.457 | INFO     | event_processor.process_event:43 | Processed event app_opened for session c7e91871-52fc-4235-9751-2ee0f44c2d74
2026-07-19 04:58:49.621 | INFO     | event_processor.process_event:43 | Processed event app_opened for session c7e91871-52fc-4235-9751-2ee0f44c2d74
2026-07-19 04:58:49.628 | INFO     | event_processor.process_event:43 | Processed event app_opened for session c7e91871-52fc-4235-9751-2ee0f44c2d74
2026-07-19 04:58:50.532 | INFO     | websocket_manager._persist_page_analysis:43 | Stored PAGE_ANALYSIS for session c7e91871-52fc-4235-9751-2ee0f44c2d74 (url=https://swagger.io)
2026-07-19 04:58:50.785 | INFO     | event_processor.process_event:43 | Processed event link_clicked for session c7e91871-52fc-4235-9751-2ee0f44c2d74
2026-07-19 04:58:50.785 | INFO     | connection_manager.send_analyze_url:48 | Sent ANALYZE_URL to extension for session c7e91871-52fc-4235-9751-2ee0f44c2d74: www.reddit.com
2026-07-19 04:58:50.850 | INFO     | event_processor.process_event:43 | Processed event app_opened for session c7e91871-52fc-4235-9751-2ee0f44c2d74
2026-07-19 04:58:50.860 | INFO     | event_processor.process_event:43 | Processed event app_opened for session c7e91871-52fc-4235-9751-2ee0f44c2d74
2026-07-19 04:58:51.045 | INFO     | websocket_manager._persist_page_analysis:43 | Stored PAGE_ANALYSIS for session c7e91871-52fc-4235-9751-2ee0f44c2d74 (url=www.reddit.com)
2026-07-19 04:58:51.046 | WARNING  | websocket_manager.websocket_endpoint:86 | Extension reported analysis error for session c7e91871-52fc-4235-9751-2ee0f44c2d74: Tab 97400939 load timed out after 30000ms
2026-07-19 04:58:55.374 | INFO     | event_processor.process_event:43 | Processed event link_clicked for session c7e91871-52fc-4235-9751-2ee0f44c2d74
2026-07-19 04:58:55.378 | INFO     | connection_manager.send_analyze_url:48 | Sent ANALYZE_URL to extension for session c7e91871-52fc-4235-9751-2ee0f44c2d74: https://streetstylestore.com/?srsltid=AfmBOooNn9cyMLjnlvP6AWoRUsQfTq0X8KRSh1zSQxzwlM5mq4az1e43
2026-07-19 04:58:55.396 | INFO     | event_processor.process_event:43 | Processed event link_clicked for session c7e91871-52fc-4235-9751-2ee0f44c2d74
2026-07-19 04:58:55.400 | INFO     | connection_manager.send_analyze_url:48 | Sent ANALYZE_URL to extension for session c7e91871-52fc-4235-9751-2ee0f44c2d74: streetstylestore.com/?srsltid=AfmBOooNn9cyMLjnlvP6AWoRUsQfTq0X8KRSh1zSQxzwlM5mq4az1e43
2026-07-19 04:58:55.413 | INFO     | event_processor.process_event:43 | Processed event link_clicked for session c7e91871-52fc-4235-9751-2ee0f44c2d74
2026-07-19 04:58:55.415 | INFO     | connection_manager.send_analyze_url:48 | Sent ANALYZE_URL to extension for session c7e91871-52fc-4235-9751-2ee0f44c2d74: https://accounts.mgovcloud.in/signin?servicename=VirtualOffice&serviceurl=https%3A%2F%2Fmail.mgovcloud.in%2F
2026-07-19 04:58:55.430 | INFO     | event_processor.process_event:43 | Processed event link_clicked for session c7e91871-52fc-4235-9751-2ee0f44c2d74
2026-07-19 04:58:55.430 | INFO     | connection_manager.send_analyze_url:48 | Sent ANALYZE_URL to extension for session c7e91871-52fc-4235-9751-2ee0f44c2d74: accounts.mgovcloud.in/signin?servicename=VirtualOffice&serviceurl=https%3A%2F%2Fmail.mgovcloud.in%2F
2026-07-19 04:58:55.443 | INFO     | event_processor.process_event:43 | Processed event link_clicked for session c7e91871-52fc-4235-9751-2ee0f44c2d74
2026-07-19 04:58:55.445 | INFO     | connection_manager.send_analyze_url:48 | Sent ANALYZE_URL to extension for session c7e91871-52fc-4235-9751-2ee0f44c2d74: https://yomovies.business
2026-07-19 04:58:56.394 | INFO     | event_processor.process_event:43 | Processed event link_clicked for session c7e91871-52fc-4235-9751-2ee0f44c2d74
2026-07-19 04:58:56.396 | INFO     | connection_manager.send_analyze_url:48 | Sent ANALYZE_URL to extension for session c7e91871-52fc-4235-9751-2ee0f44c2d74: www.reddit.com
2026-07-19 04:58:57.251 | INFO     | event_processor.process_event:43 | Processed event link_clicked for session c7e91871-52fc-4235-9751-2ee0f44c2d74
2026-07-19 04:58:57.254 | INFO     | connection_manager.send_analyze_url:48 | Sent ANALYZE_URL to extension for session c7e91871-52fc-4235-9751-2ee0f44c2d74: https://kisskh.ovh
2026-07-19 04:58:57.265 | INFO     | event_processor.process_event:43 | Processed event link_clicked for session c7e91871-52fc-4235-9751-2ee0f44c2d74
2026-07-19 04:58:57.267 | INFO     | connection_manager.send_analyze_url:48 | Sent ANALYZE_URL to extension for session c7e91871-52fc-4235-9751-2ee0f44c2d74: https://kisskh.ovh/Drama/Overdo?id=10990
2026-07-19 04:58:57.292 | INFO     | event_processor.process_event:43 | Processed event link_clicked for session c7e91871-52fc-4235-9751-2ee0f44c2d74
2026-07-19 04:58:57.297 | INFO     | connection_manager.send_analyze_url:48 | Sent ANALYZE_URL to extension for session c7e91871-52fc-4235-9751-2ee0f44c2d74: kisskh.ovh/Drama/Overdo?id=10990
2026-07-19 04:58:58.100 | INFO     | event_processor.process_event:43 | Processed event link_clicked for session c7e91871-52fc-4235-9751-2ee0f44c2d74
2026-07-19 04:58:58.100 | INFO     | connection_manager.send_analyze_url:48 | Sent ANALYZE_URL to extension for session c7e91871-52fc-4235-9751-2ee0f44c2d74: google.com/search?q=kisskh.ovh&oq=kiss&gs_lcrp=EgZjaHJvbWUqBggAEEUYOzIGCAAQRRg7MgYIARBFGDkyDAgCEC4YQxiABBiKBTIMCAMQLhhDGIAEGIoFMgwIBBAAGEMYgAQYigUyDAgFEC4YQxi
2026-07-19 04:58:58.991 | INFO     | event_processor.process_event:43 | Processed event app_opened for session c7e91871-52fc-4235-9751-2ee0f44c2d74
2026-07-19 04:59:02.558 | INFO     | event_processor.process_event:43 | Processed event app_opened for session c7e91871-52fc-4235-9751-2ee0f44c2d74
2026-07-19 04:59:02.566 | INFO     | event_processor.process_event:43 | Processed event app_opened for session c7e91871-52fc-4235-9751-2ee0f44c2d74
2026-07-19 04:59:03.056 | INFO     | event_processor.process_event:43 | Processed event app_opened for session c7e91871-52fc-4235-9751-2ee0f44c2d74
2026-07-19 04:59:03.124 | INFO     | event_processor.process_event:43 | Processed event app_opened for session c7e91871-52fc-4235-9751-2ee0f44c2d74
2026-07-19 04:59:03.145 | INFO     | event_processor.process_event:43 | Processed event app_opened for session c7e91871-52fc-4235-9751-2ee0f44c2d74
2026-07-19 04:59:04.058 | INFO     | risk.get_risk_score:100 | Risk assessment session_id=c7e91871-52fc-4235-9751-2ee0f44c2d74 selected_url=https://www.reddit.com/ final_score=8 confidence=80 level=LOW
2026-07-19 04:59:05.059 | INFO     | event_processor.process_event:43 | Processed event app_opened for session c7e91871-52fc-4235-9751-2ee0f44c2d74
2026-07-19 04:59:05.066 | INFO     | event_processor.process_event:43 | Processed event app_opened for session c7e91871-52fc-4235-9751-2ee0f44c2d74
2026-07-19 04:59:05.799 | INFO     | event_processor.process_event:43 | Processed event app_opened for session c7e91871-52fc-4235-9751-2ee0f44c2d74
2026-07-19 04:59:05.963 | INFO     | event_processor.process_event:43 | Processed event app_opened for session c7e91871-52fc-4235-9751-2ee0f44c2d74
2026-07-19 04:59:06.412 | INFO     | event_processor.process_event:43 | Processed event app_opened for session c7e91871-52fc-4235-9751-2ee0f44c2d74
2026-07-19 04:59:08.818 | INFO     | websocket_manager._persist_page_analysis:43 | Stored PAGE_ANALYSIS for session c7e91871-52fc-4235-9751-2ee0f44c2d74 (url=https://streetstylestore.com/?srsltid=AfmBOooNn9cyMLjnlvP6AWoRUsQfTq0X8KRSh1zSQxzwlM5mq4az1e43)
2026-07-19 04:59:08.828 | INFO     | websocket_manager._persist_page_analysis:43 | Stored PAGE_ANALYSIS for session c7e91871-52fc-4235-9751-2ee0f44c2d74 (url=streetstylestore.com/?srsltid=AfmBOooNn9cyMLjnlvP6AWoRUsQfTq0X8KRSh1zSQxzwlM5mq4az1e43)
2026-07-19 04:59:09.917 | INFO     | websocket_manager._persist_page_analysis:43 | Stored PAGE_ANALYSIS for session c7e91871-52fc-4235-9751-2ee0f44c2d74 (url=https://accounts.mgovcloud.in/signin?servicename=VirtualOffice&serviceurl=https%3A%2F%2Fmail.mgovcloud.in%2F)
2026-07-19 04:59:10.065 | INFO     | websocket_manager._persist_page_analysis:43 | Stored PAGE_ANALYSIS for session c7e91871-52fc-4235-9751-2ee0f44c2d74 (url=accounts.mgovcloud.in/signin?servicename=VirtualOffice&serviceurl=https%3A%2F%2Fmail.mgovcloud.in%2F)
2026-07-19 04:59:10.443 | INFO     | websocket_manager._persist_page_analysis:43 | Stored PAGE_ANALYSIS for session c7e91871-52fc-4235-9751-2ee0f44c2d74 (url=www.reddit.com)
2026-07-19 04:59:11.862 | INFO     | websocket_manager._persist_page_analysis:43 | Stored PAGE_ANALYSIS for session c7e91871-52fc-4235-9751-2ee0f44c2d74 (url=https://kisskh.ovh)
2026-07-19 04:59:13.203 | INFO     | websocket_manager._persist_page_analysis:43 | Stored PAGE_ANALYSIS for session c7e91871-52fc-4235-9751-2ee0f44c2d74 (url=https://kisskh.ovh/Drama/Overdo?id=10990)
2026-07-19 04:59:13.783 | INFO     | websocket_manager._persist_page_analysis:43 | Stored PAGE_ANALYSIS for session c7e91871-52fc-4235-9751-2ee0f44c2d74 (url=https://yomovies.business)
2026-07-19 04:59:14.655 | INFO     | websocket_manager._persist_page_analysis:43 | Stored PAGE_ANALYSIS for session c7e91871-52fc-4235-9751-2ee0f44c2d74 (url=kisskh.ovh/Drama/Overdo?id=10990)
2026-07-19 04:59:15.860 | INFO     | websocket_manager._persist_page_analysis:43 | Stored PAGE_ANALYSIS for session c7e91871-52fc-4235-9751-2ee0f44c2d74 (url=google.com/search?q=kisskh.ovh&oq=kiss&gs_lcrp=EgZjaHJvbWUqBggAEEUYOzIGCAAQRRg7MgYIARBFGDkyDAgCEC4YQxiABBiKBTIMCAMQLhhDGIAEGIoFMgwIBBAAGEMYgAQYigUyDAgFEC4YQxi)
2026-07-19 04:59:38.063 | INFO     | event_processor.process_event:43 | Processed event app_opened for session c7e91871-52fc-4235-9751-2ee0f44c2d74
2026-07-19 04:59:40.255 | INFO     | event_processor.process_event:43 | Processed event app_opened for session c7e91871-52fc-4235-9751-2ee0f44c2d74
2026-07-19 04:59:40.433 | INFO     | event_processor.process_event:43 | Processed event app_opened for session c7e91871-52fc-4235-9751-2ee0f44c2d74
2026-07-19 04:59:41.260 | INFO     | event_processor.process_event:43 | Processed event app_opened for session c7e91871-52fc-4235-9751-2ee0f44c2d74
2026-07-19 04:59:41.392 | INFO     | event_processor.process_event:43 | Processed event app_opened for session c7e91871-52fc-4235-9751-2ee0f44c2d74
2026-07-19 04:59:41.865 | INFO     | risk.get_risk_score:100 | Risk assessment session_id=c7e91871-52fc-4235-9751-2ee0f44c2d74 selected_url=https://www.google.com/search?q=kisskh.ovh&oq=kiss&gs_lcrp=EgZjaHJvbWUqBggAEEUYOzIGCAAQRRg7MgYIARBFGDkyDAgCEC4YQxiABBiKBTIMCAMQLhhDGIAEGIoFMgwIBBAAGEMYgAQYigUyDAgFEC4YQxi final_score=16 confidence=80 level=LOW
2026-07-19 05:00:15.313 | INFO     | event_processor.process_event:43 | Processed event PAGE_ANALYSIS for session hackathon_risk_test_001
2026-07-19 05:00:19.211 | INFO     | event_processor.process_event:43 | Processed event PAGE_ANALYSIS for session hackathon_risk_test_001
2026-07-19 05:00:40.770 | INFO     | risk.get_risk_score:100 | Risk assessment session_id=hackathon_risk_test_001 selected_url=http://192.0.2.10/verify-account final_score=87 confidence=70 level=CRITICAL
2026-07-19 05:00:52.923 | INFO     | risk.report_nfc_result:184 | NFC result recorded assessment_id=19af6eaf-328b-43ed-9083-287713a0d1fe session_id=hackathon_risk_test_001 result=AUTHORIZED
2026-07-19 05:05:20.796 | INFO     | event_processor.process_event:43 | Processed event app_opened for session c7e91871-52fc-4235-9751-2ee0f44c2d74
2026-07-19 05:05:23.627 | INFO     | risk.get_risk_score:100 | Risk assessment session_id=c7e91871-52fc-4235-9751-2ee0f44c2d74 selected_url=https://www.google.com/search?q=kisskh.ovh&oq=kiss&gs_lcrp=EgZjaHJvbWUqBggAEEUYOzIGCAAQRRg7MgYIARBFGDkyDAgCEC4YQxiABBiKBTIMCAMQLhhDGIAEGIoFMgwIBBAAGEMYgAQYigUyDAgFEC4YQxi final_score=16 confidence=80 level=LOW
2026-07-19 05:05:57.344 | INFO     | risk.get_risk_score:100 | Risk assessment session_id=hackathon_risk_test_001 selected_url=http://192.0.2.10/verify-account final_score=87 confidence=70 level=CRITICAL
2026-07-19 05:06:41.745 | INFO     | risk.get_risk_score:100 | Risk assessment session_id=c7e91871-52fc-4235-9751-2ee0f44c2d74 selected_url=https://www.google.com/search?q=kisskh.ovh&oq=kiss&gs_lcrp=EgZjaHJvbWUqBggAEEUYOzIGCAAQRRg7MgYIARBFGDkyDAgCEC4YQxiABBiKBTIMCAMQLhhDGIAEGIoFMgwIBBAAGEMYgAQYigUyDAgFEC4YQxi final_score=16 confidence=80 level=LOW
2026-07-19 05:06:50.057 | INFO     | risk.get_risk_score:100 | Risk assessment session_id=hackathon_risk_test_001 selected_url=http://192.0.2.10/verify-account final_score=87 confidence=70 level=CRITICAL
2026-07-19 05:08:14.911 | INFO     | risk.report_nfc_result:184 | NFC result recorded assessment_id=5524d822-fa46-4955-b560-e20223df933f session_id=hackathon_risk_test_001 result=AUTHORIZED
2026-07-19 05:08:23.455 | INFO     | risk.get_risk_score:100 | Risk assessment session_id=hackathon_risk_test_001 selected_url=http://192.0.2.10/verify-account final_score=87 confidence=70 level=CRITICAL
2026-07-19 05:08:32.042 | INFO     | risk.report_nfc_result:184 | NFC result recorded assessment_id=c3652389-fa72-4365-b078-37a86db533f7 session_id=hackathon_risk_test_001 result=AUTHORIZED
2026-07-19 05:08:40.252 | INFO     | risk.get_risk_score:100 | Risk assessment session_id=hackathon_risk_test_001 selected_url=http://192.0.2.10/verify-account final_score=87 confidence=70 level=CRITICAL
2026-07-19 05:08:45.598 | INFO     | risk.report_nfc_result:184 | NFC result recorded assessment_id=167463d4-391a-4a2b-9fbf-d79f2c096dea session_id=hackathon_risk_test_001 result=AUTHORIZED
2026-07-19 05:09:24.141 | INFO     | event_processor.process_event:43 | Processed event app_opened for session c7e91871-52fc-4235-9751-2ee0f44c2d74
2026-07-19 05:09:24.159 | INFO     | event_processor.process_event:43 | Processed event app_opened for session c7e91871-52fc-4235-9751-2ee0f44c2d74
2026-07-19 05:09:27.325 | INFO     | event_processor.process_event:43 | Processed event app_opened for session c7e91871-52fc-4235-9751-2ee0f44c2d74
2026-07-19 05:09:27.341 | INFO     | event_processor.process_event:43 | Processed event app_opened for session c7e91871-52fc-4235-9751-2ee0f44c2d74
2026-07-19 05:09:27.584 | INFO     | event_processor.process_event:43 | Processed event app_opened for session c7e91871-52fc-4235-9751-2ee0f44c2d74
2026-07-19 05:09:35.032 | INFO     | event_processor.process_event:43 | Processed event app_opened for session c7e91871-52fc-4235-9751-2ee0f44c2d74
2026-07-19 05:09:37.768 | INFO     | event_processor.process_event:43 | Processed event app_opened for session c7e91871-52fc-4235-9751-2ee0f44c2d74
2026-07-19 05:09:37.780 | INFO     | event_processor.process_event:43 | Processed event app_opened for session c7e91871-52fc-4235-9751-2ee0f44c2d74
2026-07-19 05:09:38.490 | INFO     | event_processor.process_event:43 | Processed event app_opened for session c7e91871-52fc-4235-9751-2ee0f44c2d74
2026-07-19 05:09:39.686 | INFO     | risk.get_risk_score:100 | Risk assessment session_id=c7e91871-52fc-4235-9751-2ee0f44c2d74 selected_url=https://www.google.com/search?q=kisskh.ovh&oq=kiss&gs_lcrp=EgZjaHJvbWUqBggAEEUYOzIGCAAQRRg7MgYIARBFGDkyDAgCEC4YQxiABBiKBTIMCAMQLhhDGIAEGIoFMgwIBBAAGEMYgAQYigUyDAgFEC4YQxi final_score=10 confidence=80 level=LOW
2026-07-19 05:09:44.798 | INFO     | event_processor.process_event:43 | Processed event app_opened for session c7e91871-52fc-4235-9751-2ee0f44c2d74
2026-07-19 05:09:44.821 | INFO     | event_processor.process_event:43 | Processed event app_opened for session c7e91871-52fc-4235-9751-2ee0f44c2d74
2026-07-19 05:09:46.788 | INFO     | event_processor.process_event:43 | Processed event app_opened for session c7e91871-52fc-4235-9751-2ee0f44c2d74
2026-07-19 05:09:46.964 | INFO     | event_processor.process_event:43 | Processed event app_opened for session c7e91871-52fc-4235-9751-2ee0f44c2d74
2026-07-19 05:09:47.475 | INFO     | event_processor.process_event:43 | Processed event app_opened for session c7e91871-52fc-4235-9751-2ee0f44c2d74
2026-07-19 05:09:47.669 | INFO     | event_processor.process_event:43 | Processed event link_clicked for session c7e91871-52fc-4235-9751-2ee0f44c2d74
2026-07-19 05:09:47.669 | INFO     | connection_manager.send_analyze_url:48 | Sent ANALYZE_URL to extension for session c7e91871-52fc-4235-9751-2ee0f44c2d74: www.reddit.com
2026-07-19 05:09:48.165 | INFO     | websocket_manager._persist_page_analysis:43 | Stored PAGE_ANALYSIS for session c7e91871-52fc-4235-9751-2ee0f44c2d74 (url=www.reddit.com)
2026-07-19 05:09:49.916 | INFO     | event_processor.process_event:43 | Processed event link_clicked for session c7e91871-52fc-4235-9751-2ee0f44c2d74
2026-07-19 05:09:49.921 | INFO     | connection_manager.send_analyze_url:48 | Sent ANALYZE_URL to extension for session c7e91871-52fc-4235-9751-2ee0f44c2d74: https://mail.gov.in
2026-07-19 05:09:49.937 | INFO     | event_processor.process_event:43 | Processed event link_clicked for session c7e91871-52fc-4235-9751-2ee0f44c2d74
2026-07-19 05:09:49.939 | INFO     | connection_manager.send_analyze_url:48 | Sent ANALYZE_URL to extension for session c7e91871-52fc-4235-9751-2ee0f44c2d74: https://mail.gov.in/biz/customlogin
2026-07-19 05:09:49.946 | INFO     | event_processor.process_event:43 | Processed event link_clicked for session c7e91871-52fc-4235-9751-2ee0f44c2d74
2026-07-19 05:09:49.951 | INFO     | connection_manager.send_analyze_url:48 | Sent ANALYZE_URL to extension for session c7e91871-52fc-4235-9751-2ee0f44c2d74: mail.gov.in/biz/customlogin
2026-07-19 05:09:49.962 | INFO     | event_processor.process_event:43 | Processed event link_clicked for session c7e91871-52fc-4235-9751-2ee0f44c2d74
2026-07-19 05:09:49.963 | INFO     | connection_manager.send_analyze_url:48 | Sent ANALYZE_URL to extension for session c7e91871-52fc-4235-9751-2ee0f44c2d74: pgportal.gov.in/signin
2026-07-19 05:09:49.977 | INFO     | event_processor.process_event:43 | Processed event link_clicked for session c7e91871-52fc-4235-9751-2ee0f44c2d74
2026-07-19 05:09:49.978 | INFO     | connection_manager.send_analyze_url:48 | Sent ANALYZE_URL to extension for session c7e91871-52fc-4235-9751-2ee0f44c2d74: https://pgportal.gov.in/signin
2026-07-19 05:09:50.731 | INFO     | event_processor.process_event:43 | Processed event link_clicked for session c7e91871-52fc-4235-9751-2ee0f44c2d74
2026-07-19 05:09:50.733 | INFO     | connection_manager.send_analyze_url:48 | Sent ANALYZE_URL to extension for session c7e91871-52fc-4235-9751-2ee0f44c2d74: https://mail.gov.in
2026-07-19 05:09:51.446 | INFO     | websocket_manager._persist_page_analysis:43 | Stored PAGE_ANALYSIS for session c7e91871-52fc-4235-9751-2ee0f44c2d74 (url=https://mail.gov.in/biz/customlogin)
2026-07-19 05:09:51.624 | INFO     | websocket_manager._persist_page_analysis:43 | Stored PAGE_ANALYSIS for session c7e91871-52fc-4235-9751-2ee0f44c2d74 (url=https://mail.gov.in)
2026-07-19 05:09:52.273 | INFO     | websocket_manager._persist_page_analysis:43 | Stored PAGE_ANALYSIS for session c7e91871-52fc-4235-9751-2ee0f44c2d74 (url=mail.gov.in/biz/customlogin)
2026-07-19 05:09:55.652 | INFO     | event_processor.process_event:43 | Processed event link_clicked for session c7e91871-52fc-4235-9751-2ee0f44c2d74
2026-07-19 05:09:55.655 | INFO     | connection_manager.send_analyze_url:48 | Sent ANALYZE_URL to extension for session c7e91871-52fc-4235-9751-2ee0f44c2d74: accounts.mgovcloud.in/signin?servicename=VirtualOffice&serviceurl=https%3A%2F%2Fmail.mgovcloud.in%2F
2026-07-19 05:09:56.354 | INFO     | websocket_manager._persist_page_analysis:43 | Stored PAGE_ANALYSIS for session c7e91871-52fc-4235-9751-2ee0f44c2d74 (url=pgportal.gov.in/signin)
2026-07-19 05:09:56.529 | INFO     | websocket_manager._persist_page_analysis:43 | Stored PAGE_ANALYSIS for session c7e91871-52fc-4235-9751-2ee0f44c2d74 (url=https://pgportal.gov.in/signin)
2026-07-19 05:09:57.027 | INFO     | websocket_manager._persist_page_analysis:43 | Stored PAGE_ANALYSIS for session c7e91871-52fc-4235-9751-2ee0f44c2d74 (url=accounts.mgovcloud.in/signin?servicename=VirtualOffice&serviceurl=https%3A%2F%2Fmail.mgovcloud.in%2F)
2026-07-19 05:10:00.201 | INFO     | event_processor.process_event:43 | Processed event app_opened for session c7e91871-52fc-4235-9751-2ee0f44c2d74
2026-07-19 05:10:00.215 | INFO     | event_processor.process_event:43 | Processed event app_opened for session c7e91871-52fc-4235-9751-2ee0f44c2d74
2026-07-19 05:10:00.905 | INFO     | event_processor.process_event:43 | Processed event app_opened for session c7e91871-52fc-4235-9751-2ee0f44c2d74
2026-07-19 05:10:02.410 | INFO     | risk.get_risk_score:100 | Risk assessment session_id=c7e91871-52fc-4235-9751-2ee0f44c2d74 selected_url=https://accounts.mgovcloud.in/signin?servicename=VirtualOffice&serviceurl=https%3A%2F%2Fmail.mgovcloud.in%2F final_score=47 confidence=80 level=MEDIUM
2026-07-19 05:10:14.322 | INFO     | event_processor.process_event:43 | Processed event app_opened for session c7e91871-52fc-4235-9751-2ee0f44c2d74
2026-07-19 05:10:14.986 | INFO     | event_processor.process_event:43 | Processed event app_opened for session c7e91871-52fc-4235-9751-2ee0f44c2d74
2026-07-19 05:10:23.620 | INFO     | event_processor.process_event:43 | Processed event app_opened for session c7e91871-52fc-4235-9751-2ee0f44c2d74
2026-07-19 05:11:25.846 | INFO     | event_processor.process_event:43 | Processed event app_opened for session c7e91871-52fc-4235-9751-2ee0f44c2d74
2026-07-19 05:11:25.860 | INFO     | event_processor.process_event:43 | Processed event app_opened for session c7e91871-52fc-4235-9751-2ee0f44c2d74
2026-07-19 05:11:26.076 | INFO     | event_processor.process_event:43 | Processed event app_opened for session c7e91871-52fc-4235-9751-2ee0f44c2d74
2026-07-19 05:11:27.785 | INFO     | event_processor.process_event:43 | Processed event app_opened for session c7e91871-52fc-4235-9751-2ee0f44c2d74
2026-07-19 05:11:30.978 | INFO     | event_processor.process_event:43 | Processed event app_opened for session c7e91871-52fc-4235-9751-2ee0f44c2d74
2026-07-19 05:11:30.981 | INFO     | event_processor.process_event:43 | Processed event app_opened for session c7e91871-52fc-4235-9751-2ee0f44c2d74
2026-07-19 05:11:31.566 | INFO     | event_processor.process_event:43 | Processed event app_opened for session c7e91871-52fc-4235-9751-2ee0f44c2d74
2026-07-19 05:11:32.392 | INFO     | risk.get_risk_score:100 | Risk assessment session_id=c7e91871-52fc-4235-9751-2ee0f44c2d74 selected_url=https://accounts.mgovcloud.in/signin?servicename=VirtualOffice&serviceurl=https%3A%2F%2Fmail.mgovcloud.in%2F final_score=47 confidence=80 level=MEDIUM
2026-07-19 05:11:36.209 | INFO     | event_processor.process_event:43 | Processed event app_opened for session c7e91871-52fc-4235-9751-2ee0f44c2d74
2026-07-19 05:11:36.835 | INFO     | event_processor.process_event:43 | Processed event app_opened for session c7e91871-52fc-4235-9751-2ee0f44c2d74
2026-07-19 05:11:36.964 | INFO     | event_processor.process_event:43 | Processed event app_opened for session c7e91871-52fc-4235-9751-2ee0f44c2d74
2026-07-19 05:11:37.188 | INFO     | event_processor.process_event:43 | Processed event app_opened for session c7e91871-52fc-4235-9751-2ee0f44c2d74
2026-07-19 05:11:37.851 | INFO     | event_processor.process_event:43 | Processed event link_clicked for session c7e91871-52fc-4235-9751-2ee0f44c2d74
2026-07-19 05:11:37.856 | INFO     | connection_manager.send_analyze_url:48 | Sent ANALYZE_URL to extension for session c7e91871-52fc-4235-9751-2ee0f44c2d74: www.reddit.com
2026-07-19 05:11:37.882 | INFO     | event_processor.process_event:43 | Processed event app_opened for session c7e91871-52fc-4235-9751-2ee0f44c2d74
2026-07-19 05:11:38.131 | INFO     | websocket_manager._persist_page_analysis:43 | Stored PAGE_ANALYSIS for session c7e91871-52fc-4235-9751-2ee0f44c2d74 (url=www.reddit.com)
2026-07-19 05:11:40.958 | INFO     | event_processor.process_event:43 | Processed event link_clicked for session c7e91871-52fc-4235-9751-2ee0f44c2d74
2026-07-19 05:11:40.958 | INFO     | connection_manager.send_analyze_url:48 | Sent ANALYZE_URL to extension for session c7e91871-52fc-4235-9751-2ee0f44c2d74: https://dsc.gg/btechtards
2026-07-19 05:11:40.976 | INFO     | event_processor.process_event:43 | Processed event link_clicked for session c7e91871-52fc-4235-9751-2ee0f44c2d74
2026-07-19 05:11:40.979 | INFO     | connection_manager.send_analyze_url:48 | Sent ANALYZE_URL to extension for session c7e91871-52fc-4235-9751-2ee0f44c2d74: https://i.redd.it/yami-gautam-and-kartik-aryan-win-national-awards-for-v0-1mowegegizdh1.jpeg?s=2502234f7f64449ce2b6249d9b26b2f9ef822468
2026-07-19 05:11:41.037 | INFO     | event_processor.process_event:43 | Processed event app_opened for session c7e91871-52fc-4235-9751-2ee0f44c2d74
2026-07-19 05:11:41.045 | INFO     | event_processor.process_event:43 | Processed event app_opened for session c7e91871-52fc-4235-9751-2ee0f44c2d74
2026-07-19 05:11:41.573 | INFO     | websocket_manager._persist_page_analysis:43 | Stored PAGE_ANALYSIS for session c7e91871-52fc-4235-9751-2ee0f44c2d74 (url=https://i.redd.it/yami-gautam-and-kartik-aryan-win-national-awards-for-v0-1mowegegizdh1.jpeg?s=2502234f7f64449ce2b6249d9b26b2f9ef822468)
2026-07-19 05:11:41.589 | INFO     | event_processor.process_event:43 | Processed event app_opened for session c7e91871-52fc-4235-9751-2ee0f44c2d74
2026-07-19 05:11:42.389 | INFO     | risk.get_risk_score:100 | Risk assessment session_id=c7e91871-52fc-4235-9751-2ee0f44c2d74 selected_url=https://www.reddit.com/media?url=https%3A%2F%2Fi.redd.it%2Fyami-gautam-and-kartik-aryan-win-national-awards-for-v0-1mowegegizdh1.jpeg%3Fs%3D2502234f7f64449ce2b6249d9b26b2f9ef822468 final_score=12 confidence=80 level=LOW
2026-07-19 05:11:43.566 | INFO     | websocket_manager._persist_page_analysis:43 | Stored PAGE_ANALYSIS for session c7e91871-52fc-4235-9751-2ee0f44c2d74 (url=https://dsc.gg/btechtards)
2026-07-19 05:11:48.129 | INFO     | event_processor.process_event:43 | Processed event app_opened for session c7e91871-52fc-4235-9751-2ee0f44c2d74
2026-07-19 05:11:59.012 | INFO     | event_processor.process_event:43 | Processed event app_opened for session c7e91871-52fc-4235-9751-2ee0f44c2d74
2026-07-19 05:11:59.685 | INFO     | event_processor.process_event:43 | Processed event app_opened for session c7e91871-52fc-4235-9751-2ee0f44c2d74
2026-07-19 05:11:59.905 | INFO     | event_processor.process_event:43 | Processed event app_opened for session c7e91871-52fc-4235-9751-2ee0f44c2d74
2026-07-19 05:15:17.752 | INFO     | websocket_manager.websocket_endpoint:111 | WebSocket client disconnected
2026-07-19 05:15:17.770 | INFO     | websocket_manager.websocket_endpoint:111 | WebSocket client disconnected
2026-07-19 05:15:26.596 | INFO     | websocket_manager.websocket_endpoint:49 | WebSocket client connected
2026-07-19 05:15:30.953 | INFO     | websocket_manager.websocket_endpoint:49 | WebSocket client connected
2026-07-19 05:22:42.104 | INFO     | websocket_manager.websocket_endpoint:111 | WebSocket client disconnected
2026-07-19 05:22:42.104 | INFO     | websocket_manager.websocket_endpoint:111 | WebSocket client disconnected
2026-07-19 05:22:42.219 | INFO     | main.lifespan:35 | Shutting down application
